Ressources;XP
Agathe;21,31
Aigue-Marine;105,701
Aile Atrophiée de Tofu Dodu;9,515
Aile de Bourdard;0,395
Aile de Dragodinde;2,868
Aile de Dragodinde Dorée;4,03
Aile de Dragodinde Rousse Sauvage;3,391
Aile de Draguaindrop;10,913
Aile de Gloursaya;75
Aile de Gruche;15,893
Aile de Kérigoule;16,875
Aile de Larve de Koutoulou;84,375
Aile de Mansobèse;18,215
Aile d'Eninferno;20,25
Aile de Nocturlabe;16,875
Aile de Puceronde;9,676
Aile de Sinistrofu;16,875
Aile de Vortex;84,375
Aile du Bitouf des Plaines;1,634
Aile du Tofu Maléfique;0,105
Ailes de Moskito;0,075
Ailes de Scarafeuille Blanc;0,214
Ailes de Scarafeuille Bleu;0,214
Ailes de Scarafeuille Rouge;0,214
Ailes de Scarafeuille Vert;0,214
Ailes du Scarabosse Doré;0,946
Ailes du Scarafeuille Noir;0,221
Akaslip d'Akakwa;3
Alliage Ivre;750
Aluminite;1,2
Ambre;0,388
Ambre d'Abraknyde;2,081
Ambre d'Abraknyde Sombre;0,619
Ambre d'Abraknyde Sombre Irascible;11,918
Ambre du Chêne Mou;69,598
Ambre du Tynril;113,176
Ambre gris;160
Amygdales du Bitouf Sombre;3,653
Andésite;4
Anguille;0,15
Anguille Souroche;15
Antenne de Bacterrib;16,875
Antenne de Gloursaya;12,2
Antenne de Trésantène;1,458
Antennes de Vilinsekt;0,176
Apostrophe de Fugokam;30
Apostrophe d'Imafugo;30
Appendice Démoniaque;119,118
Aquarakne de Crânonier;16,875
Arakne Écrabouillée;5,54
Arakne Irascible Écrasée;11,983
Arakne Majeure Morte;1,982
Ardonite;17,025
Arête géante du Shamansot;19,654
Argent;0,17
Armure de Blindur;12,2
Armure de Tanklume;16,875
Artefact de Fumrirolle;34,848
Artefact Pandawushu;135,856
Artefact Pandawushu Bois;10,059
Artefact Pandawushu Eau;17,266
Artefact Pandawushu Feu;22,635
Artefact Pandawushu Roc;17,975
Artefact Pandawushu Vent;22,635
Astragale de Mécanofoux;16,875
Avoine;0,07
Avoine Aurifère;7
Avoine Magique;6,13
Baballe;3,174
Babines de Macien;0,565
Badge de Malicien;0,025
Baguette de Tétonuki;3
Baguette Rythmique;16,875
Bakélélite;5,1
Ballon bleu;0,025
Bananagrume;15,621
Bandeau de Black Wabbit Squelette;0,371
Bandeau de Nakunbra;1,103
Bandeau de Voapah;16,875
Bandeau du Black Tiwabbit;0,272
Bandeau troué d'Air;9,154
Bandeau troué d'Eau;9,154
Bandeau troué de Feu;9,154
Bandeau troué de Terre;9,154
Bandelette de Tromblion;3
Bandelette du Comte Harebourg;506,25
Bandelette du Guerrier Koalak;10,554
Bandelette du Mominotor;1,483
Bandelettes;1,012
Barbe de Merkator;84,375
Barbe de Seith;9,284
Barbe du Chouque;5,513
Barbe du Cyclophandre;16,875
Barbe du Wa Wobot;4,207
Barbe inexistante du Barbroussa;3,174
Bar Iton;22
Bar Rikain;0,22
Bâton de Blanc Pa Wabbit;0,841
Bâton du Kilibriss;10,032
Bauxite;0,2
Bave de Bouftou;0,041
Bave de Brokouillon;12,2
Bave de Champ à Gnons;9,258
Bave de Marthos;12,2
Bave de Mol Usk;16,875
Bave de Nessil;16,875
Bave de Ouassingue;1,443
Bave de Rose Démoniaque;0,398
Bave du Kaskargo;5,766
Bec de Dodox;101,25
Bec de Gélikan;5,679
Bec de Granduk;101,25
Bec de Kwakao;3
Bec de Mansordide;16,875
Bec de Strigide;101,25
Bec de Truchon;14,424
Bec de Vilain Petit Tofu;1,331
Bec du Kido;9,289
Bec du Kwak de Flamme;0,254
Bec du Kwak de Glace;0,254
Bec du Kwak de Terre;0,254
Bec du Kwak de Vent;0,254
Bec du Kwakwa;9,328
Bec du Timansot;16,973
Bec du Tofu;0,059
Belladone;0,22
Belladonzelle;22
Bézoard Ardent de Grozilla;142,327
Bidoche Avariée;62,212
Bidoche de Brousse;475,207
Bidoche Exsudative;29,006
Bidoche Faisandée;8,123
Bidoche Fraîche;119,725
Bidoche Frelatée;13,208
Bidoche Gâtée;967,647
Bidoche Intangible;26,316
Bidoche Ladre;44,76
Bidoche Macérée;377,82
Bidoche Maigre;797,18
Bidoche Minérale;4,654
Bidoche Persillée;301,444
Bidoche Rassie;100,28
Bidoche Saignante;237,261
Bidoche Sanguinolente;84,146
Bidoche Séchée;58,834
Bidoche Tendre;30,296
Bidule inutile;2,444
Biscuit de chance;26,439
Blé;0,03
Blé d'Or;3
Blop Mort;1,685
Bois d'Aquajou;10
Bois de Bambou;0,16
Bois de Bambou Sacré;0,26
Bois de Bambou Sombre;0,24
Bois d'Ébène;0,2
Bois de Bombu;0,11
Bois de Charme;0,22
Bois de Châtaignier;0,05
Bois de Chêne;0,1
Bois de Frêne;0,03
Bois de Kaliptus;0,21
Bois de Merisier;0,17
Bois de Noisetier;0,19
Bois de Noyer;0,07
Bois de pagaie usée;16,875
Bois de Pin;0,07
Bois d'Érable;0,12
Bois de Tremble;0,27
Bois de Tronknyde;0,206
Bois d'If;0,15
Bois d'Oliviolet;0,14
Bois d'Orme;0,25
Bois Vermoulu;0,448
Boîte de Vétauran;0,453
Bolas de Maltrio;4,792
Bombe de Graboule;1,012
Bonnet de Gobaliste;0,206
Bonnet de Guerre;75
Boomerang Abîmé de Diamantine;2,304
Boomerang du Dok Alako;4,318
Boomerang du Koalak Sanguin;11,099
Boomerang du Maître Koalak;12,878
Boomerang du Warko Marron;0,823
Boostoplasme;0,946
Botte trouée de Mégabwork;1,012
Boucle d'Orfélin;33,322
Boucle intemporelle;337,5
Boucle temporelle;337,5
Boue du Boo;0,116
Bouée de Fantomalamère;24,876
Boue Juvénile;0,134
Boue Mature;2,986
Boue Novice;0,785
Boue Vénérable;11,971
Bougie du Mineur Sombre;0,763
Boule de Boulépique;0,862
Boule de Panthègros;32,548
Boule en or de Piloztère;16,875
Boule polie;8,819
Boules de Kanniboul;2,683
Boulet de Canondorf;1,103
Boulet lesté;16,875
Boulier Zoth;2,924
Boulon de Cybwork;9,571
Boulon neuf;400
Boulon Wabbit;5,074
Bourgeon d'Abraknyde Ancestral;26,156
Bourgeon d'Abraknyde Sombre Irascible;1,977
Bourgeon de Fourbasse;1,591
Bourgeon de Pirolienne;1,012
Bourgeon explosif de Damadrya;6,702
Bourse Suspecte;0,243
Bout d'Armure de Macrab;16,875
Bout de Blop Coco;0,116
Bout de Blop Griotte;0,116
Bout de Blop Indigo;0,116
Bout de Blop Reinette;0,116
Bouteille de Bouchonnois;75
Bracelet de Force de Trooll;13,096
Bracelet de Ino-Naru;3,722
Bractée de Chiendent;3,271
Bractée de Drosérâle;16,875
Braguette de Nileza;506,25
Braguette du Maître Zoth;16,482
Braise de Tofutoflamme;8,856
Braises bleutées;38,684
Branche de Tiwabbit Kiafin;0,249
Breuvage Musculaire;5,36
Brochet;0,12
Brochette de Laikteur;17,201
Brochet Tupe-Halett;12
Broderie de la Prêtresse de Kao;84,375
Broderie de la Reine des Voleurs;84,375
Broderie de Malléfisk;7,292
Broderie de Nileza;84,375
Broderie d'Eskoglyphe;101,25
Bronze;0,07
Brûlâme encapsulé;101,25
Bulbe Kouraçao;0,245
Bulbe Malibout;0,245
Bulbe Morito;0,245
Bulbe Passaoh;0,245
Bwak Squelettique;33,385
Cachet du bizut;0,125
Cagoule du Kanniboul Ebil;13,416
Calcanéus de Meliglours;75
Caleçon Blanc;54,798
Caleçon Bleu;54,798
Caleçon Brun;54,798
Caleçon de Cybwork;57,29
Caleçon Mignon du Pirate;1,103
Caleçon Rouge;54,798
Calice de Fécorce;3,418
Calumet Zoth;3,222
Canif Rouillé;1,103
Canine de Cronnibal;16,875
Canine de Félygiène;32,548
Canine de Gobelin;0,444
Canine de Kanimate;16,875
Canine de Krakal;16,875
Canine de Mergranlou;1,349
Canine tranchante;16,875
Canine Vampiresque;0,117
Capsule Explosive;0,254
Capuche d'Armécréante;16,875
Capuche de Skentu;16,875
Carapace Bleue;0,313
Carapace circonflexe de Rokoram;30
Carapace circonflexe d'Imorok;30
Carapace de Krabouilleur;16,875
Carapace de Scaratos;1,467
Carapace de Termystique;101,25
Carapace de Ver des Sables;47,559
Carapace du Mantiscore;4,207
Carapace Jaune;0,313
Carapace Rouge;0,313
Carapace Verte;0,313
Carapace vide de Crabe;1,627
Carniflore;2,228
Carpe d'Iem;0,1
Carpelle de Brouture;3,368
Carpette des sables;10
Casque cassé de Bwork;2,344
Casque Cassé du Chafer;0,788
Casque de Martoa;0,111
Casque de Statulipe;16,875
Casque de Wobot;0,841
Casque du Chafer Primitif;0,463
Cawotte;1,106
Cawotte Transgénique;14,327
Cédille de Tsunam;30
Cédille d'Imetsu;30
Ceinture de la Dame;16,875
Cendres de Chause;16,875
Cendres de Tofutoflamme;1,483
Cendres Éternelles;0,043
Cendres Juvéniles;0,11
Cendres Matures;2,986
Cendres Novices;0,957
Cendres Vénérables;11,971
Cervelle de Bouftou des Cavernes;31,342
Cervelle de Peunch;101,25
Cervelle de Solar;62,953
Cervelle de Verglasseur;101,25
Chaîne de Panthègros;5,504
Chaîne de Robot Fléau;0,395
Chaînes Brisées;0,26
Chair de Zombruth;16,875
Champignon;0,565
Champignon Luidegît;1,037
Chanvre;0,2
Chanvre Euphorique;20
Charbon;0,656
Charnière Cassée;0,404
Chaton-Perche;17
Chaudron de Températurge;16,875
Chaussette du Cyclophandre;101,25
Chaussette du Kimbo;179,258
Chaussette trouée de Dramak;7,292
Chauve-souris;0,998
Chélicères d'Arapex;1,039
Cheveux d'Alhyène;5,645
Cheveux de Draegnerys;18,646
Cheveux de Tal Kasha;84,375
Chicot du Flib;0,494
Chicots d'Halouine;43,46
Chope de Bière;101,25
Chouchou de Doublure;17,868
Cire de Cire Momore;101,25
Cire de Gligli Améliorée;1,05
Citron;0,056
Clakoss;36,856
Clavicule de Boufmouth;11,901
Clef de la Bambusaie de Damadrya;29,603
Clef de la Bataille de l'Aurore Pourpre;298,509
Clef de la Bibliothèque du Maître Corbac;25,272
Clef de la Brasserie du roi Dazak;254,724
Clef de la Cache de Kankreblath;3,366
Clef de la Canopée du Kimbo;87,707
Clef de la Cave du Toxoliath;123,986
Clef de la Caverne d'El Piko;47,114
Clef de la Caverne de Nowel;159,939
Clef de la Caverne du Koulosse;16,039
Clef de la Chambre des maléfices;298,509
Clef de la Chambre de Tal Kasha;298,509
Clef de la Clairière du Chêne Mou;54,342
Clef de la Cour du Bouftou Royal;2,254
Clef de la Croquanterie;47,114
Clef de la Crypte de Kardorim;0,525
Clef de la Demeure des Esprits;120,659
Clef de la Fabrique de foux d'artifice;57,826
Clef de la Fabrique de Malléfisk;18,85
Clef de la Fonderie des Waddicts;6,522
Clef de la Forgefroide de Missiz Frizz;254,724
Clef de la Galerie du Phossile;59,63
Clef de la Grotte de Kanigroula;86,699
Clef de la Grotte du Bworker;141,132
Clef de la Grotte Hesque;4,706
Clef de l'Akadémie des Gobs;3,724
Clef de la Maison du Papa Nowel;286,511
Clef de la Maison Fantôme;2,887
Clef de la Mémoire d'Orukam;416,451
Clef de la mine de Sakaï;183,117
Clef de l'Antichambre des Gloursons;219,528
Clef de l'Antre de Crocabulia;30,664
Clef de l'Antre de la Reine Nyée;17,275
Clef de l'antre du Blop Multicolore;10,35
Clef de l'antre du Dragon Cochon;27,41
Clef de l'Antre du Korriandre;135,044
Clef de la Pyramide d'Ombre;210,276
Clef de l'Aquadôme de Merkator;254,724
Clef de l'Arbre de Moon;18,748
Clef de l'Arbre de Mort;255,129
Clef de l'Arche d'Otomaï;7,761
Clef de la salle du Minotot;59,35
Clef de la Sentence de la Balance;254,724
Clef de la serre du Royalmouth;32,878
Clef de la Sousouricière du Rat Noir;30,394
Clef de la Tanière du Meulou;21,131
Clef de la Tanière Givrefoux;110,238
Clef de l'Atelier du Tanukouï San;42,614
Clef de la Tempête de l'Eliocalypse;254,724
Clef de la Tombe du Shogun Tofugawa;91,416
Clef de la Tour de Bethel;298,509
Clef de la Tour de Solar;303,111
Clef de la Vallée de la Dame des eaux;47,114
Clef de la Volière de la Haute Truche;40,938
Clef de l'Épreuve de Draegnerys;10,839
Clef de l'Horologium de XLII;113,781
Clef de l'hypogée de l'Obsidiantre;76,645
Clef de l'Œil de Vortex;244,215
Clef des cavernes du Kolosso;207,078
Clef des Champs;1,406
Clef des Fers de la Tyrannie;254,724
Clef des Pitons Rocheux des Craqueleurs;9,414
Clef des Salons privés de Klime;254,724
Clef du Bastion des Marteaux-Aigris;187,753
Clef du Bateau du Chouque;18,038
Clef du Belvédère d'Ilyzaelle;298,509
Clef du Boyau du Père Ver;121,948
Clef du Camp du Comte Razof;187,753
Clef du caveau du Prince Djamal;41,41
Clef du caveau du Roi Léorictus;125,801
Clef du Chapiteau des Magik Riktus;16,955
Clef du Château du Wa Wabbit;20,688
Clef du Château Ensablé;1,78
Clef du Cimetière des mastodontes;13,87
Clef du Clos des Blops;3,628
Clef du Défi du Chalœil;204,12
Clef du Dojo du vent;57,826
Clef du Domaine Ancestral;13,044
Clef du Donjon de Nowel;13,541
Clef du Donjon des Bworks;4,312
Clef du Donjon des Forgerons;4,635
Clef du Donjon des Scarafeuilles;3,817
Clef du Donjon des Squelettes;3,89
Clef du Donjon des Tofus;3,366
Clef du Donjon du Comte Harebourg;254,724
Clef du Garde-manger du Rat Blanc;25,087
Clef du Goulet du Rasboul;26,257
Clef du Grolandais violent;80,923
Clef du Laboratoire de Brumen Tinctorias;9,883
Clef du Laboratoire de Nileza;254,724
Clef du Laboratoire du Tynril;63,79
Clef du labyrinthe du Dragon Cochon;20,068
Clef du Labyrinthe du Minotoror;27,782
Clef du Manoir des Katrepat;298,509
Clef du Mégalithe de Fraktale;36,136
Clef du Miausolée du Pounicheur;24,065
Clef du Nid du Kwakwa;4,815
Clef du Palais de Dantinéa;232,692
Clef du Palais du roi Nidas;206,693
Clef du Plateau de Ush;73,162
Clef du Potager d'Halouine;10,348
Clef du Refuge sylvestre;5,763
Clef du Repaire de Skeunk;30,945
Clef du Repaire de Sphincter Cell;28,771
Clef du Repaire du Kharnozor;21,816
Clef du Ring du Capitaine Ekarlatte;47,198
Clef du Rituel de Kabahal;339,009
Clef du Sanctuaire de Torkélonia;298,509
Clef du Souvenir d'Imagiro;405,801
Clef du Temple de Koutoulou;226,875
Clef du Temple du dieu Kao;298,509
Clef du Temple du Grand Ougah;705,765
Clef du Temple Maudit;33,265
Clef du Terrier du Wa Wabbit;8,117
Clef du Tertre du long sommeil;74,716
Clef du Théâtre de Dramak;21,134
Clef du Transporteur de Sylargh;254,724
Clef du Trône de la Cour Sombre;209,671
Clef du Trône de Sang;254,724
Clef du Vaisseau du Capitaine Meno;226,875
Clef du Ventre de la Baleine;254,724
Clef du Village Kanniboul;7,586
Clef Mansot;49,065
Clef Secrète du Tofulailler Royal;19,245
Cloaque du Poolay;5,227
Cloche de Barbéryl Clochecuivre;61
Coccyx du Corailleur;0,254
Coco du Bitouf aérien;32,423
Coco du Bitouf des Plaines;9,779
Coco du Bitouf Sombre;21,784
Cocon de Ver à Soie;1,064
Coeur de Boue du Boo;0,692
Coeur de Brandon;9,674
Coeur de Buveur;9,011
Coeur de Bworkcelhaine;0,079
Coeur de Cire Momore;337,5
Coeur de Crapeur;7,188
Coeur de Craqueleur;2,896
Coeur de Merkator;506,25
Coeur d'Empaillé;101,25
Coeur de pierre poli;9,531
Coeur du Capitaine Ekarlatte;15
Coeur du Croqueleur;15
Coeur du Mantiscore;25,219
Coeur Gelé;750
Coffre de Pièges à Chasseur;3,191
Coffre-forge;25,5
Coffret maudit du Flib;0,054
Coiffe déchiquetée de Drakoalak;7,627
Collier Cassé de Macien;3,354
Collier de Chakichan;5,932
Collier de Chak Rat;1,477
Collier d'esclave;103,404
Colonne Vertébrale;0,979
Concassé de brume;35,591
Concombre;3
Condyle de Fuji Givrefoux;375
Conque Marine;0,096
Copie de la clef du repaire des bandits;5,742
Coque Endommagée;0,395
Coquille de Dragoeuf Ardoise;0,628
Coquille de Dragoeuf Argile;0,628
Coquille de Dragoeuf Calcaire;0,678
Coquille de Dragoeuf Charbon;0,628
Coquille de Dragoss Ardoise;8,043
Coquille de Dragoss Argile;8,043
Coquille de Dragoss Charbon;8,043
Coquille de Dragoss Protéiforme;1,349
Coquille de Fantimonier;4,187
Coquille de Harpirate;24,876
Coquille de Krokille;36,648
Coquille de Submergé;101,25
Coquille de Virustine;16,875
Coquille du Kaskargo;34,011
Corail Kouraçao;0,236
Corail Magistral;9,328
Corail Malibout;0,236
Corail Morito;0,236
Corail Passaoh;0,236
Corail usé;1,515
Corbac Mort;9,217
Corde de Boursoin;1,458
Corde d'escalade;13,903
Corde du Fancrôme;24,876
Corne brisée de Crocabulia;48,884
Corne Brûlée du Minotoror;71,635
Corne de Berserkoffre;1,458
Corne de Boufmouth de guerre;2,104
Corne de Boufton;0,1
Corne de Buffalourd;0,313
Corne de Corruption;81,893
Corne de Déminoboule;8,856
Corne de Dragacé;1,832
Corne de Dragmatique;1,637
Corne de Dragoss Calcaire;8,043
Corne de Dragoss Protéiforme;8,043
Corne de Gamino;1,764
Corne de Gliglibido;26,476
Corne de Kamasterisk;17,868
Corne de Malbois;4,792
Corne de Méjaire;20,25
Corne de Mominotor;8,856
Corne de Père Phorreur;4,792
Corne de Rhinoféroce;8,043
Corne de Scaratos;8,809
Corne de Typhomet;16,875
Corne de XLII;38,684
Corne d'Ombre;61
Corne du Boufcoul;1,012
Cornée de Kami Givrefoux;40,278
Corps de Quintaine;1,2
Côtes de Désosseur;16,875
Côtes de Porkass;1,627
Côtes du Rib;0,183
Coton Ancestral;0,428
Couche usagée de Warko Violet;2,038
Courroie en cuir;2,38
Couteau de Roukouto;1,012
Crabe Sourimi;0,06
Crabe Sourimi Exotique;6
Crâne d'Aventurier;2,177
Crâne de Chafer;1,064
Crâne de Chef Crocodaille;3,779
Crâne de Kardorim;0,263
Crâne de Wabbit Squelette;2,054
Crâne de Yokaï Givrefoux;40,278
Crâne magique de Magouille;16,875
Crâne magique de Rate Atinée;1,919
Crème à bronzer;0,096
Crinière de Krakal;101,25
Crinière de Rat Blanc;7,326
Crinière de Rat Noir;10,678
Crinière de Scélérat Strubien;0,582
Crinière de Troollaraj;2,214
Crinière d'Orfélin;5,574
Crinière fleurie;9,052
Cristal;8,087
Croc de Dragoeuf Protecteur;10,605
Croc de Krokille;155,625
Croc de Trankilou;0,313
Crochet rouillé;72,5
Crocs de Rats;0,111
Croissant de Tsukinochi;5,932
Croquette enrichie;500
Croupion de Tofuzmo;8,809
Croupion de Truchmuche;2,611
Croupion du Bitouf aérien;5,365
Cubitus de Momie Koalak;2,038
Cuir de Boostache Prépubère;0,162
Cuir de Bouftonmouth;10,943
Cuir de Bouftou Noir;0,104
Cuir de Bouftou Royal;0,619
Cuir de Capsaaloocke;8,056
Cuir de Cuirboule;16,875
Cuir de Déminoboule;1,483
Cuir de Fuji Givrefoux;61
Cuir de Gargrouille;0,162
Cuir de Gliglibido;4,363
Cuir de Glouragan;12,2
Cuir de Grodruche;16,875
Cuir de Maho Givrefoux;40,278
Cuir d'Empaillé;16,875
Cuir de Ouassingue;0,176
Cuir de Peunch;16,875
Cuir de Porkass;0,272
Cuir de Porsalu;1,067
Cuir de Scélérat Strubien;0,111
Cuir d'Eskoglyphe;16,875
Cuir de Tengu Givrefoux;226,852
Cuir du Cochon de Lait;0,166
Cuir du Sanglacier;3
Cuir Onique;600
Cuir Violet de Mégabwork;6,13
Cuivre;0,05
Culotte à l'envers du Roissingue;97,29
Culotte de Frakacia;30
Culotte de Harrogant;101,25
Culotte de Missiz Frizz;506,25
Dard de Morfrelon;9,676
Daurade Royale;16
Dédicace de Skeunk pour Émeraude;2,304
Dé du Chalœil;84,375
Défense de Gliglicérin;4,363
Défense du Phossile;23,958
Défense du Sanglacier;17,828
Défense du Sanglier;0,102
Dent de Bandleth;16,875
Dent de Bourbassingue;1,529
Dent de Chakaroze;5,932
Dent de Crocodaille;0,272
Dent de Cuirboule;101,25
Dent de Cycloporth;7,737
Dent de Dragodinde;0,565
Dent de Fantômat;33,059
Dent de Gargantûl;1,039
Dent de Garglyphe;0,176
Dent de Klémort;16,875
Dent de Kwoan;0,974
Dent de Larve Champêtre;0,404
Dent de Larve Dorée;0,33
Dent de Larve Émeraude;0,282
Dent de Larve Rubis;0,302
Dent de Larve Saphir;0,263
Dent de Lévitrof;16,875
Dent de Molette;1,323
Dent de Shin Larve;9,328
Dent de Smilomouth;17,828
Dent de Tilamproie;16,875
Dent de Tofu Mutant;0,176
Dent de Trezz;9,284
Dent de Vatenbière;16,875
Dent de Wabbit;1,56
Dent de Waddict;0,36
Dent du Kharnozor;7,292
Dent en Or de Craqueleur;2,448
Dentier de Dantinéa;84,375
Dentier du Chafer d'Élite;1,627
Dents de Mulou;7,867
Dents de Wabbit Vampire;2,403
Deuxième clef du Donjon de Sphincter;5,75
Deuxième partie de la clef du labyrinthe du Dragon Cochon;6,53
Diacritique de la Reine Amirukam;144,643
Diacritique du Roi Imagami;144,643
Diadème de Belilith;20,25
Diadème de Chocoligarque;16,875
Diamant;3,176
Dissolvant Phosphorescent;97,065
Doigt de Branche Invocatrice;2,246
Dolomite;0,25
Dorade Grise;0,16
Duvet de Bourdard;2,367
Duvet de Mamansot;3,201
Duvet de Nelween;3,14
Duvet de Tofoune;1,064
Duvet de Truchon;2,404
Duvet du Kilibriss;1,664
Duvet du Maître Corbac;7,256
Eau calme;0,455
Eau de Kwapa;18,104
Eau Ferrugineuse;1,151
Eau Potable;0,047
Ebonite;2,25
Écaille de Chef Crocodaille;0,626
Écaille de Crocodaille;1,635
Écaille de Dragoss Ardoise;1,349
Écaille de Dragoss Argile;1,349
Écaille de Dragoss Calcaire;1,349
Écaille de Dragoss Charbon;1,349
Écaille de Gambaf;16,875
Écaille de Grasmera;7,292
Écaille de Grozilla;6,25
Écaille de Harpirate;4,187
Écaille de Torkélonia;84,375
Écaille poisseuse;0,507
Écailles d'Ouroboulos;0,862
Écharpe de Hanshi;18,611
Échasse de Molette;7,833
Éclat du Mawabouaino;2,228
Éclat Kao brisé;101,25
Éclat Obscur;30,5
Eclat temporel;375
Écorce d'Abrakne Sombre;1,039
Écorce d'Abraknyde Vénérable;5,227
Écorce d'Abrazif;8,647
Écorce de Brouture;20,3
Écorce de Champaknyde;8,747
Écorce de Chiendent;19,365
Écorce de Fécorce;20,784
Écorce de Floribonde;21,278
Écorce de Liroye Merline;5,112
Écorce de Nerbe;19,827
Écume de mer;10
Écusson du Sergent Zoth;16,056
Edelweiss;0,15
Edelweiss Marguerite;15
Élastique de barbe de Sanglirok;12,2
Élastique de Gobvious;7,627
Élixir de Brumen;100
Emballage Suspect;0,348
Émeraude;5,703
Encre de Poulpée;16,875
Encre du Kralamoure géant;278,159
Enfumoir Zoth;2,249
Engrais;0,434
Enrobage de Chocoskargo;3
Épaule de Maléphisto;16,875
Épaulière de Bourôliste;16,875
Épaulière de Bwork;0,328
Épaulière de Dazak Martegel;84,375
Épaulière de Ferrailleur;16,875
Épaulière de Kabushido;5,932
Épaulière de Troolligark;13,096
Épaulière Massive du K.O.;800
Épine d'Armuguet;16,875
Épine de Bulbuisson;1,853
Épine de Diondin;16,875
Épine de Grath;1,853
Épine Dorsale de Grozilla;23,958
Épine d'Ougah;48,382
Épine du Champ Champ;0,075
Épingle à Cheveux de Saphira;2,304
Espadon;0,26
Espadon Quichotte;305
Essence d'Anerice la Shushess;506,25
Essence de Barbéryl Clochecuivre;366
Essence de Batofu;6,176
Essence de Belladone;506,25
Essence de Ben le Ripate;357,24
Essence de Bethel Akarna;506,25
Essence de Boostache;14,217
Essence de Choudini;33,077
Essence de Corruption;491,36
Essence de Crocabulia;122,448
Essence de Damadrya;40,213
Essence de Dantinéa;506,25
Essence de Dazak Martegel;506,25
Essence de Draegnerys;46,807
Essence de Dramak;108,94
Essence de Founoroshi;111,667
Essence de Fraktale;72,097
Essence de Fuji Givrefoux;928,5
Essence de Gourlo le Terrible;46,807
Essence de Grolloum;928,5
Essence de Guerre;450
Essence de Kabahal;506,25
Essence de Kanigroula;446,842
Essence de Kankreblath;6,176
Essence de Kardorim;1,579
Essence de Koumiho;232,105
Essence de l'Abraknyde Ancestral;65,294
Essence de la Bworkette;20,806
Essence de la Gelée Royale;13,369
Essence de la Haute Truche;224,814
Essence de la Larve de Koutoulou;506,25
Essence de la Reine Amirukam;867,857
Essence de la Reine des Voleurs;506,25
Essence de la Reine Nyée;83,154
Essence de la Shin Larve;23,368
Essence de l'Éternel Conflit;506,25
Essence de l'Obsidiantre;446,842
Essence d'El Piko;224,814
Essence de Malléfisk;43,75
Essence de Meno;506,25
Essence de Misère;450
Essence de Mob l'Éponge;2,348
Essence de Moon;81,908
Essence de Nagate;86,519
Essence de Nelween;46,807
Essence de Rakoopeur;9,375
Essence de Servitude;450
Essence des Forgerons;8,036
Essence de Shihan et Hanshi;223,333
Essence de Skeunk;178,729
Essence de Solar;377,72
Essence de Sphincter Cell;357,24
Essence de Tal Kasha;506,25
Essence de Tanukouï San;90
Essence de Torkélonia;506,25
Essence de Ush;177,955
Essence de Vortex;506,25
Essence de XLII;232,105
Essence d'Hell Mina;143,75
Essence d'Ilyzaelle;506,25
Essence d'Ombre;366
Essence d'Ougah;724,713
Essence du Blop Multicolore Royal;122,448
Essence du Blop Royal;81,601
Essence du Bouftou Royal;9,683
Essence du Bworker;724,713
Essence du Capitaine Ekarlatte;90
Essence du Chafer R?nin;9,199
Essence du Chalœil;506,25
Essence du Chêne Mou;173,708
Essence du Chouque;83,154
Essence du Comte Razof;366
Essence du Corailleur Magistral;23,368
Essence du Craqueleur Légendaire;39,22
Essence du Directeur Grunob;6,562
Essence du Dragon Cochon;98,438
Essence du Glourséleste;928,5
Essence du Kanniboul Ebil;33,494
Essence du Kharnozor;108,94
Essence du Kimbo;446,842
Essence du Kolosso;928,5
Essence du Korriandre;724,713
Essence du Koulosse;81,908
Essence du Kralamoure Géant;693,376
Essence du Kwakwa;23,368
Essence du Maître Corbac;98,824
Essence du Mansot Royal;281,43
Essence du Mantiscore;63,073
Essence du Meulou;81,908
Essence du Minotoror;156,573
Essence du Minotot;446,842
Essence du Père Ver;232,105
Essence du Phossile;143,75
Essence du Pounicheur;55,588
Essence du Protozorreur;506,25
Essence du Rasboul Majeur;130,1
Essence du Rat Blanc;43,954
Essence du Rat Noir;64,068
Essence du Roi Imagami;867,857
Essence du Roi Nidas;506,25
Essence du Royalmouth;178,729
Essence du Scarabosse Doré;14,217
Essence du Shogun Tofugawa;177,955
Essence du Tengu Givrefoux;572,383
Essence du Tofu Royal;177,28
Essence du Tournesol Affamé;4,154
Essence du Toxoliath;290,294
Essence du Tynril;281,43
Essence du Wa Wabbit;33,494
Essence du Wa Wobot;25,244
Estomac de Black Wo Wabbit;0,841
Estomac de Gliglidoudur;25,726
Estomac de Mansocolat;3
Estomac de Ouassingue;0,18
Estomac de Tofukaz;1,064
Estomac de Tofu Ventripotent;1,064
Estomac de Wo Wabbit;0,404
Étain;0,15
Étamine de Floribonde;3,601
Ethmoïde de Stalak;101,25
Ethmoïde du Minotot;29,659
Étoffe de Choudini;33,385
Étoffe de Croleur;67,418
Étoffe d'Écurouille;0,665
Étoffe de Dok Alako;0,711
Étoffe de Draegnerys;3,14
Étoffe de Firefoux;22,635
Étoffe de Foufayteur;3,391
Étoffe de Gliglidoudur;4,363
Étoffe de Glourmand;75
Étoffe de Gourlo le Terrible;18,646
Étoffe de Grodruche;101,25
Étoffe de Kaniblou;33,322
Étoffe de Kaniglou;20,327
Étoffe de Kolosso;375
Étoffe de Kurookin;3,722
Étoffe de Meupette;29,559
Étoffe de Ouassingue;9,436
Étoffe de Rat Bougri;1,003
Étoffe de Samouraï fantôme;35,852
Étoffe de Sphincter Cell;142,327
Étoffe de Vigie Pirate;4,786
Étoffe du Fauchalak;12,878
Étoffe du Mulou;7,497
Étoffe du Roissingue;16,215
Étoffe du Sanglier;0,609
Étoffe du Wabbit;1,761
Étoffe du Wa Wabbit;13,416
Étoffe Magique de Moon;32,731
Étoffe Mystérieuse;100
Étoffe sanglante;16,875
Étoffe Zoth;13,235
Étoile des Neiges;27
Étoile d'Or d'El Piko;89,876
Extrémité du Grattoir;28,794
Farine de contrebande;36,75
Farine Humée;6,201
Fausse dent de Grozilla;36,765
Faux menton du Bourbassingue;9,289
Faux Visage de Choudini;5,513
Fémur de Koalak Farouche;11,667
Fémur de Sphincter Cell;23,958
Fémur du Chafer Archer;1,627
Fémur du Chafer Ronin;1,288
Fer;0,03
Fermeture éclair;400
Ferrite;0,45
Feuille de Blop Multicolore Royal;8,187
Feuille de Blop Royal;1,952
Feuille de Branche Soignante;2,246
Feuille de Cawotman;2,403
Feuille de Fourbasse;1,094
Feuille de Rose Obscure;0,574
Feuille de Salace;0,059
Feuille de Tikoko;0,313
Feuille de Tournesol Sauvage;0,446
Feu Intérieur;0,042
Fibre criminelle;3,354
Fibre de Chanvre;56,207
Ficelle en Lin;0,18
Fil de Néfileuse;1,039
Fil de Soie;0,446
Filtre à frousse;640
Fiole à élément;2,32
Fiole de fumée de Nelween;18,646
Flamme Spectrale;0,492
Flaque Juvénile;0,11
Flaque Mature;2,986
Flaque Novice;0,785
Flaque Vénérable;11,971
Fléau de Robot Fléau;2,392
Flèche de Crâmbo;12,2
Flèche du Chafer Archer;0,272
Fleur de Blop Coco Royal;11,648
Fleur de Blop Griotte Royal;11,648
Fleur de Blopignon;0,322
Fleur de Blop Indigo Royal;11,648
Fleur de Blop Multicolore Royal;48,884
Fleur de Blop Reinette Royal;11,648
Fleur de Cactiflore;3
Fleur de Cendrepierre;280,748
Fleur de Gloutoblop;0,426
Fleur de Gloutovore;1,094
Fleur de Kaliptus;2,765
Fleur de Korriandre;8,225
Fleur de Pissenlit Diabolique;0,073
Fleur des protecteurs;101,25
Fleur d'Onabu-Geisha;5,932
Fluide Glacial;0,096
Flûte de Klûtiste;16,875
Flûte de Mastodonte;1,8
Foulard de Koalak Farouche;1,969
Foulard de Milimaître;3
Foulard du Sparo;0,508
Fourrure de Timongouste;0,373
Fragment d'anomalie;5,063
Fragment d'armure;16,875
Fragment de cerveau poli;1,604
Fragment de Chakanoubis;16,875
Fragment d'Ectorche;16,875
Fragment d'Épée Reptilienne;3,354
Fragment de pépite de Sakaï;74,838
Fragment de Pierre Pointue;0,543
Fragment de Pierre Polie;0,549
Fragment de Rubis Fertile;500
Fragment d'Os;1,766
Fragment d'Ougalurette;289,613
Fragment du Gorgouille;4,861
Fraise;0,429
Frimousse d'Alhyène;34,115
Fronde de Boufbos;16,875
Fronde de Boufronde;12,2
Frostiz;0,27
Frostiz soufflé;27
Fumée Juvénile;0,11
Fumée Mature;2,986
Fumée Novice;0,785
Fumée Vénérable;11,971
Furoncle de la Mama Bwork;9,052
Galet cramoisi;25
Galet Lunaire;125
Galet rutilant;250
Galet Saisonnier;25
Galet Solaire;625
Gant de Sherpoa;0,111
Gants de protection;257,475
Gâtrool;2,251
Gelée à la Fraise;0,305
Gelée à la Menthe;0,284
Gelée Bleuet;0,267
Gelée Bleuet Royale;2,228
Gelée Citron;0,283
Gelée Citron Royale;2,228
Gelée Fraise Royale;2,228
Gelée Menthe Royale;2,228
Germes corrompus;104,008
Gilet du Valet;16,875
Ginseng;0,2
Ginsengoku;20
Gland;0,111
Gland de Fouduglen;15
Gland de l'Écumouth;16,477
Glande d'Arak-haï;6,169
Glande du Pounicheur;9,265
Glandes de Truchtine;14,779
Globule de Nyée;33,385
Glotte;20
Glouto Rhum;1,591
Goujon;0,03
Goujon Kiye;3
Goulobule rouge;101,25
Graine de l'Abrakleur sombre;3,706
Graine de la Discorde;0,207
Graine de Pandouille;0,17
Graine de Pavot;0,075
Graine de Scorbute;0,565
Graine de Sésame;0,266
Graine de Tournesol;0,072
Graines de Citwouille Maudites;0,525
Gratrooll;2,251
Gratrooll Industriel;0,384
Grattoir à dos inachevé;105,662
Gravure de Courant d'Air;160,716
Gravure de Crachin;160,716
Gravure de Secousse;160,716
Gravure de Séisme;511,455
Gravure d'Étincelle;160,716
Gravure de Tsunami;505,79
Gravure d'Incendie;505,79
Gravure d'Ouragan;505,79
Grelot;2,405
Grenade de Moribombe;16,875
Grenat de Momistik;16,875
Greuvette;0,04
Greuvette Horreur;4
Griffe de Blérauve;10,967
Griffe de Buboxor;20,25
Griffe de Dragoeuf Albâtre;3,729
Griffe de Félygiène;5,504
Griffe de Grolours;0,313
Griffe de Kanimate;101,25
Griffe de Kolosso;61
Griffe de Muloubard;1,349
Griffe de Phorrêveur;4,792
Griffe de Robionicle;0,404
Griffe de Strigide;16,875
Griffes de Kwak;0,254
Grizite;42,964
Groin de Dragon Cochon;5,469
Groin de Porkzebuth;20,25
Groin de Sanglier des Plaines;0,249
Gros Boulet;0,301
Guillemets de Mabram;30
Guillemets d'Imiyama;30
Haïku du dragon : Création;1,392
Haïku du dragon : Destruction;1,392
Haïku du dragon : Passion;0,626
Haïku du dragon : Résolution;0,626
Hamatum de Glourséleste;375
Hélice en laiton;640
Herbe Folle;0,428
Houblon;0,1
Houblon Brillant;10
Houpette de Koalak Sanguin;1,843
Houpette de Vilain Petit Tofu;8,019
Huile de Fantimonier;24,876
Huile de Frostiz;1,215
Huile de Koode;5,002
Huile de Mamansot;19,15
Huile de Noix;3,449
Huile de Palme;15,567
Huile de Pichon;2,475
Huile de Pikoleur;101,25
Huile de Riz;2,25
Huile de Sésame;1,199
Huile de Tournesol Sauvage;1,075
Humérus du Sparo;3,069
Implants Rustiques;33,637
Incisive de Glourmand;12,2
Incisive de Kami Givrefoux;6,868
Incisive de Stalak;16,875
Incisive de Sylargh;506,25
Incus de Verglasseur;16,875
Intestin d'Araknosé;0,059
Iris de Boulglours;75
Ivoire;5,091
Jambière de Kasrok;16,875
Jaune d'Œuf de Krokille;1,339
Jeton du Bworker;2,625
Jeton du Chazino des Ecaflipuces;0,63
Jeton du Chazino des Matougarous;1,305
Jeton du Chazino du Grand Jeu;2,025
Jouet de Gamine Zoth;2,487
Journal Intime d'Émeraude;14,85
Joyau de la couronne du roi Nidas;84,375
Jus de Cacterre;17,975
Jus d'Écumouth pressé;33,101
Jus de Ouassingue;7,622
Jus de poisson;2,775
Jus de poisson abominable;66,345
Jus de poisson asphyxiant;157,441
Jus de poisson méphitique;894,712
Jus de poisson pestilentiel;670,925
Kamatrix;24,846
Kamiam;1,75
Kaokurimono;7,737
Kapokaza;7,737
Katana de Kwamouraï;3
Kobalite;11,1
Kobalte;0,1
Koinkoin de bain de Nagate;14,42
Kokopaille;0,304
Kole;6,546
Kolérat Mort;3,354
Kouartz;6,6
Kralamoure;0,14
Kralamoure Unique;14
Kriptonite;9,15
Kristalite;52,171
La cambriole pour les Nuls;1,563
Laine Céleste;0,044
Laine de Boufmouth;1,976
Laine de Boufmouth légendaire;2,174
Laine de Boufton Noir;0,109
Laine de Bouftou;0,075
Laine de Bouftou Royal;3,977
Laine de Dardalaine;1,039
Laine de Glouragan;75
Laine de Maho Givrefoux;6,868
Laine de Ramane Strubien;0,097
Laine de Sylargh;84,375
Laine de Tengu Givrefoux;38,684
Laine de Yokaï Givrefoux;6,868
Laine du Boufcoul;0,565
Laine du Chef de Guerre Bouftou;0,124
Laine du Royalmouth;12,016
Laine du Trooll Furieux;13,096
Lait de Cochon de Lait;1,461
Lait de Tortue;1,866
Lame brisée de Lichangoro;3,722
Lame de Katana;335,437
Lamelle de Champa Bleu;0,202
Lamelle de Champa Marron;0,202
Lamelle de Champa Rouge;0,202
Lamelle de Champa Vert;0,202
Lamelle de Champbis;9,258
Lamelle de Dramanite;8,647
Lamelle de Mérulette;8,647
Lame tranchante;103,404
Lance de Chika Rat;1,477
Lance-Pierre de Scélée Rate;1,477
Langue de Champodonte;9,258
Langue de Craquelope;2,817
Langue de Diabélial;16,875
Langue de Gargrouille;0,974
Langue de Grenufar;1,853
Langue de Hacharné;18,409
Langue de Kashkaille;16,875
Langue de Kraméléhon;12,684
Langue de Krèvladal;16,875
Langue de Mimikado;1,458
Langue de Morsquale;8,167
Langue de Pistilangue;16,875
Langue d'Épouvanteur;0,072
Langue de Tiwabbit Kiafin;1,5
Langue d'Étoile;1,627
Langue de Truchmuche;15,513
Lanière en cuir de Gliglitch;27
Lanières de knout;130,048
Lanterne de Tourthon;17,609
Lanterne usée;7,737
Larme de Givrefoux;65
Légende de Brumaire;900
Levure de Boulanger;0,143
Liane de Soldalia;16,875
Lin;0,12
Linceul;1,627
Linothorax;16,875
Lin Tempête;12
Liquide vampiresque;0,584
Livre du Bwork Mage;1,48
Longue-vue de Gob-Trotteur;0,206
Lotte;0,2
Lunettes de Parashukouï;3
Lunettes de Tiwobot;0,841
Mâchoire de Brutasmodan;16,875
Mâchoire de Rib;1,073
Mâchoire du Chafer Draugr;0,3
Magnésite;3,75
Maillot de corps de Barbroussa;0,534
Main de Boo;0,565
Maïs;0,22
Maïssého;22
Makroute Déchiqueté;1,627
Malléole de Yomi Givrefoux;6,868
Malleus de Karkanik;101,25
Malt;0,17
Malt Husse;17
Manche de Fouet;16,875
Manche de Knout;97,5
Manche du Grattoir;75,995
Mandibule d'Abrakne Irascible;12,781
Mandragore;0,25
Mandragorgonzola;25
Manganèse;0,12
Manubrium de Wolvero;67,418
Manuel du Directeur Grunob;1,094
Maraca de Lévito;3
Marque des grands fonds;640
Masque brisé;7,737
Masque Brisé d'Araknotron;0,926
Masque Cassé d'Araknotron Irascible;2
Masque cauchemardesque de l'Éternel Conflit;84,375
Masque de la Vengeance;14,077
Masque de la Violence;14,077
Masque de la Vivacité;14,077
Masque de protection;116,541
Masque de Shinibaru;3
Masque du Vice;14,077
Masque du Vide;14,077
Mât de Fantômat;4,187
Maxillaire de Brikoglours;16,875
Mèche de bombe de Terristocrate;17,868
Mèche de Pralicienne;16,875
Mèche de Serpyn;12,2
Mèche Rebelle d'Hell Mina;23,958
Méga Pierre du Craqueleur;3,263
Méga Pierre du Craqueleur Légendaire;15,661
Menthe Religieuse;10
Menthe Sauvage;0,1
Métaria bleue;1,903
Métaria jaune;1,903
Métaria Mage bleue;9,958
Métaria Mage jaune;11,091
Métaria Mage rouge;9,958
Métaria Mage verte;9,958
Métaria rouge;1,903
Métaria Triame bleue;8,104
Métaria Triame jaune;8,104
Métaria Triame rouge;8,104
Métaria Triame verte;8,104
Métaria verte;1,903
Millet;0,25
Millet Zime;25
Minerai Étrange;2,418
Miroir de Dopeul;0,214
Miséricorde du Chafer d'Élite;0,272
Mojo de Mergranlou;8,043
Molaire de Blérice;10,967
Molaire de Nessil;101,25
Molaire de Ventrublion;101,25
Morceau de caleçon de Gourlo;3,14
Morceau de clef Coco;1,725
Morceau de clef de Paspartou;16,875
Morceau de clef du Matin Pewlant;4,1
Morceau de clef du Midi Wayonnant;4,1
Morceau de clef du Soiw Woulant;4,1
Morceau de clef Griotte;1,725
Morceau de clef Indigo;1,725
Morceau de clef Reinette;1,725
Morpion de Truchideur;15,142
Morue;0,24
Morue Barbue;24
Mouchoir de la Gamine Zoth;15,266
Moumoule;0,07
Mousse de Caméliache;16,875
Moustache de Boostache;5,694
Moustache de Frimar;101,25
Moustache de Klime;84,375
Moustache de Kolérat;0,565
Moustache de Rilur;16,875
Moustache de Ush;29,659
Moustache du Mufafah;1,5
Moustache du Shogun Tofugawa;29,659
Moustache précieuse;1,458
Moustaches de Cactoblongo;3
Moustaches de Tiwabbit;0,263
Muqueuse de Moumoule;1,627
Mycoses gelées;400
Nacre;8,037
Nacre brute;1,63
Nageoire de Compétition;0,096
Nectar de l'Orient;10,061
Nez de Pipisteuse;16,875
Noeud de l'Abrakleur clair;34,882
Noeud de Marin;6,677
Noeul Mort;0,542
Noisette;0,111
Noix de Cajou;0,161
Noix de Grokoko Traumatisée;0,313
Noix de Kokoko;1,866
Noix de Pécan;0,299
Noyau de Protozorreur;84,375
Obsidienne;0,27
oeil Bionique;0,337
oeil d'Abrakne;1,627
oeil d'Arakmuté;0,059
oeil de Boufmouth de guerre;12,64
oeil de Branche Invocatrice;13,535
oeil de Branche Soignante;13,535
oeil de Champmane;9,258
oeil de Cocholou;1,349
oeil de Crabe Hijacob;5,54
oeil de Craquelope;0,471
oeil de Crocodaille albinos;101,25
oeil de Crowneille;3,354
oeil de Cycloïde;16,875
oeil de Dawaj;16,875
oeil de Dramanite;51,761
oeil de Feutôme;16,875
oeil de Fleuro;69,703
oeil de Gouligane;16,875
oeil de Halbardent;16,875
oeil de Harpille;20,25
oeil de Harpo;101,25
oeil de Harrogant;16,875
oeil de Kanigrou;3,74
oeil de Korriandre;289,613
oeil de Krokille;9,57
oeil de Kwoan;0,155
oeil de Léolhyène;0,841
oeil de Madura;7,737
oeil de Morcac;1,853
oeil de Phozami;4,792
oeil de Pikdoa;0,111
oeil de Ramane Strubien;0,665
Œil de Rat du Gang;3,655
oeil de Raul Mops;0,272
oeil de Saltik;1,039
oeil de Sapeur;11,879
oeil de Shokkoth;16,875
oeil de Tofu Noir;0,176
oeil de Truchtine;2,444
oeil de Verminocule;16,875
oeil de verre;400
oeil de Vigie Pirate;28,879
oeil de Wabbit Céphale;2,403
oeil du Kharnozor;43,46
oeil du Père Ver;38,684
oeil torve de Fricochère;19,079
oeuf Chimérique;0,042
oeuf d'Ali Grothor;500
oeuf de Crapeur;36,392
oeuf de Dragoeuf Ardoise;4,127
oeuf de Dragoeuf Argile;4,127
oeuf de Dragoeuf Calcaire;4,68
oeuf de Dragoeuf Charbon;4,127
oeuf de Gobus;13,931
oeuf de Haute Truche;89,876
oeuf de Tofu;0,176
oeuf de Tofubine;9,03
oeuf du Mansot Royal;113,176
oeuf Pourri;1,064
Omoplate de Blérom;10,967
Ongle de Goulafre;16,875
Ongle de Kanigrou;0,628
Ongle du Bworker;48,382
Or;0,22
Orbe régénérant;150
Orbe régénérant magistral;750
Orbe régénérant majeur;450
Orbe régénérant mineur;15
Orchidée de Génie;12
Orchidée Freyesque;0,12
Oreille d'Apériglours;10,967
Oreille de Blérice;67,418
Oreille de Bouftonmouth;1,812
Oreille de Bouledogre;7,426
Oreille de Chargus;5,932
Oreille de Croleur;10,967
Oreille de Douzdoa;0,111
Oreille de Fistulor;51,761
Oreille de Fleuro;11,75
Oreille de Foufayteur;0,565
Oreille de Gobosteur;10,967
Oreille de Griffotep;16,875
Oreille de Guerrier Mental;0,395
Oreille de Kakoalak;3
Oreille de Kaniblou;5,574
Oreille de Kaniglou;3,346
Oreille de Mécanofoux;101,25
Oreille de Médibwork;1,012
Oreille de Rat Plapla;1,919
Oreille de Rhinoféroce;1,349
Oreille de Soryo Givrefoux;6,868
Oreille du Fu Mansot;20,745
Oreille du Grand Pa Wabbit;2,392
Oreille percée du Fricochère;3,222
Oreilles de Wabbit Fluo;2,403
Oreilles du Tiwabbit;1,563
Orge;0,05
Orge en Sucre;5
Ortie;0,03
Ortie Roïde;3
Os de Chafer;0,055
Os de Crocodaille;1,744
Os de Jiangshi-Nobi;5,932
Os de Mama Koalak;1,297
Os de Nemroz;12,2
Os de Pékeualak;0,969
Os de Sramouraï;3
Os de Trooll;0,915
Os de Wabbit Squelette;0,341
Osier Enchanté;6,13
Osier Sombre;2,938
Os Invisible du Chafer Invisible;0,144
Os rongé de Gobichon;0,206
Osselet de Black Wabbit Squelette;2,212
Os Surprise du Chafer Fantassin;0,253
Ours Déchiqueté;1,627
Ouvrage magique d'Aloevée Rate;1,477
Pagne d'Alashasss;16,875
Pagne de Trantroa;9,284
Paille Vampiresque;1,454
Paire de boules de Haute Truche;15
Palpe de Pikbul;1,853
Pandouille de Trois;17
Papatte de Croc Gland;0,549
Papier Charbon;0,223
Paquet Cadeau du Minotoboule de Nowel;8,189
Parasite Aquatique;101,25
Parchemin de Cactana;3
Pâte à Tra Khben;31,095
Patelle;10
Patte d'Abrakne Irascible;2,121
Patte d'Arakne;0,074
Patte d'Arakne des Égouts;0,665
Patte d'Arakne Magique;0,443
Patte d'Arakne Majeure;0,304
Patte de Black Wabbit;0,319
Patte de Bouledogre;1,236
Patte de Corbac;1,531
Patte de Gruche;2,652
Patte de Kankreblath;1,029
Patte de Korriandre;48,382
Patte de la Gardienne des Égouts;5,839
Patte de Li-Fo;16,875
Patte de Masticroc;7,737
Patte de Nheur'Gueule;16,875
Patte de Pupuce;1,853
Patte de Rat Bougri;5,98
Patte de Scoliopode;9,676
Patte de Soryo Givrefoux;40,278
Patte de Tabacille;16,875
Patte de Termystique;16,875
Patte de Tofu Dodu;1,585
Patte de Tofukaz;0,176
Patte de Twakeuf;0,326
Patte de Wabbit;0,292
Paupière d'Étoile;0,272
Paupière Dorée de Rykaon;16,875
Peau de Bworkette;1,389
Peau de Chevaucheur Koalak;1,901
Peau de Cochon de Farle;1,708
Peau de Crachefoux;3,722
Peau de Crocabulia;8,187
Peau de Don Dorgan;2,333
Peau de Don Duss Ang;2,154
Peau de Dragnarok;1,832
Peau de Dragoeuf Albâtre;0,628
Peau de Draguaindrop;1,832
Peau de Dragueuse;1,832
Peau de Drakoalak;1,262
Peau de Gériatique;1,853
Peau de Gloot;0,043
Peau de Kanihilan;34,115
Peau de Koalak Immature;0,534
Peau de Krambwork;1,012
Peau de Kraméléhon;1,054
Peau de Larve Bleue;0,075
Peau de Larve Champêtre;2,43
Peau de Larve Dorée;1,978
Peau de Larve Émeraude;1,693
Peau de Larve Jaune;0,075
Peau de Larve Orange;0,075
Peau de Larve Rubis;1,831
Peau de Larve Saphir;1,563
Peau de Larve Verte;0,075
Peau de Maître Koalak;2,177
Peau de Mandrine;1,664
Peau de Mansobèse;2,987
Peau de Métaphorreur;4,792
Peau de Minos;9,392
Peau de Minoskito;1,664
Peau de Mob l'Éponge;0,391
Peau de Moon;5,469
Peau de Pataugerme;3,616
Peau de Piralak;0,969
Peau de Ramane d'Égoutant;0,371
Peau de Rat;2,646
Peau de Raul Mops;1,627
Peau de Roukouto;6,13
Peau de Rouquette;3,722
Peau de serpentin;0,395
Peau de Shin Larve;1,563
Peau de Skeunk;71,088
Peau de Tivelo;6,13
Peau de Torréfactueur;16,875
Peau de Trémorse;7,737
Peau de Trithon;111,724
Peau de Vindeux;9,284
Peau d'Ouilleur;12,139
Peau du Bworker;289,613
Peau Égrotante;0,354
Peau pourrie de Dolid;16,875
Pédoncule de Fongeur;51,761
Pédoncule de Mérulette;51,761
Pédoncule de Mérulor;101,25
Peinture Bleue;5,709
Peinture Jaune;5,709
Peinture Noire;5,709
Peinture Orange;5,709
Peinture Rouge;5,709
Peinture Verte;5,709
Peinture Violette;5,709
Pelage aérodynamique;22,635
Pelage chocolaté;3
Pense-bête de Rubise;14,85
Pépite;1
Pépite croquée;17,975
Perce-Neige;0,27
Perche;0,17
Péroné du Marôdeur;12,27
Pétale de Gangredogue;16,875
Pétale de Malter;28,465
Pétale d'encre;205,006
Pétale de Papier;205,741
Pétale de Rose Démoniaque;0,067
Pétale de Rose Obscure;0,095
Pétale de Tournesol Sauvage;0,075
Pétale Diaphane;0,043
Pétale Kouraçao;1,454
Pétale Magique du Tournesol Affamé;0,692
Pétale Malibout;1,454
Pétale Morito;1,454
Pétale Passaoh;1,454
Phéromone de Tofu;0,025
Philtre de Longévité;32,16
Pic d'Anerice;84,375
Pic de Dragodinde;0,48
Pic de Dragodinde Dorée;0,659
Pic de Lance de Gobet;0,206
Pic de Malépik;4,792
Pic de Pikoleur;16,875
Pic de Pikténia;7,737
Pic de Prespic;0,111
Pic de Ravageur;101,25
Pic du Nocturlabe;101,25
Pichon d'encre;10
Picot d'El Piko;15
Pièce du Puzzle de la Griffe;1,454
Pièce du Trésor du Badoul;1,454
Piège désamorcé de Mâchassin;16,875
Pierre Angulaire;101,25
Pierre d'Agathe;4,58
Pierre d'Aigue-Marine;7
Pierre d'Atomystique;6,389
Pierre de Cristal;1,641
Pierre de Crystaloboule;2,662
Pierre de Diamant;0,55
Pierre de Dopeul;4,113
Pierre de Fumrirolle;6,389
Pierre de Granit;0,809
Pierre d'Émeraude;0,834
Pierre de Mofette;6,765
Pierre de Rubis;1,593
Pierre de Saphir;2,128
Pierre de Sélénite;4,6
Pierre de Serpiplume;12,003
Pierre de souillure bleue impure;1,401
Pierre de souillure jaune impure;1,448
Pierre de souillure verte impure;1,452
Pierre de Topaze;2,004
Pierre du Courtilieur;13,642
Pierre du Craqueleur;0,41
Pierre du Craqueleur Légendaire;2,621
Pierre du Koulosse;32,731
Pierre Médicinale;0,711
Pierre Précieuse Zoth;2,652
Pile Steamer;16,875
Pilule du Gang;23,811
Pince de Crabe;0,272
Pince de Crabe Hijacob;0,926
Pince de Crabe Yoloniste;16,875
Pince de Crâme;16,875
Pince de Crustorail;1,398
Pince de Krabouilleur;101,25
Pince de Lucrane;10,613
Pince du Fancrôme;4,187
Pique du Soldat;16,875
Piques à cheveux de Shihan;18,611
Pistil de Floristile;1,853
Pistil du Tynril;18,611
Pixel de Brikablak;2,884
Pixel de Farfacette;2,884
Pixel de Fraktale;12,016
Pixel de Gromorso;2,884
Pixel d'Éklatleth;2,884
Pixel de Segmantid;2,403
Place de Concert de Diamantine;14,85
Planche à Dessin;24,6
Planche Agglomérée;0,45
Planche à Griller;2,25
Planche à Pain;19,5
Planche à Pâtisserie;12,225
Planche à Repasser;6
Planche Contreplaquée;1,2
Planche de Gravure;14,625
Planche de Salut;27,6
Planche de Surf;3,75
Planche de Toilette;8,775
Planche hatoufer;219
Plaque d'acier;20,084
Plastron de Tambouraï;5,932
Plombs de plongée;640
Plumeau de Tofuzmo;1,467
Plume Chimérique;0,042
Plume de Batofu;1,029
Plume de Brabuzar;16,875
Plume de Buveur;1,47
Plume de Corbac Apprivoisé;1,47
Plume de Crowneille;0,565
Plume de Cycloïde;101,25
Plume de Dodox;16,875
Plume de Domoizelle;1,094
Plume de Dostrogo;1,094
Plume de fesse du Kido;1,529
Plume de Gélikan;0,951
Plume de Gobvious;1,262
Plume de Granduk;16,875
Plume de Misère;75
Plume de Piou Bleu;0,059
Plume de Piou Jaune;0,059
Plume de Piou Rose;0,06
Plume de Piou Rouge;0,062
Plume de Piou Vert;0,059
Plume de Piou Violet;0,059
Plume de Thomondor;0,313
Plume de Tofu;0,176
Plume de Tofubine;1,508
Plume de Tofu Maléfique;0,758
Plume de Tofu Royal;17,326
Plume de Truchideur;2,483
Plume d'Ilyzaelle;84,375
Plume du Cavalier;16,875
Plume du Kwak de Flamme;0,254
Plume du Kwak de Glace;0,254
Plume du Kwak de Terre;0,254
Plume du Kwak de Vent;0,254
Plume du Kwakwa;1,563
Plume du Mansot Royal;18,611
Plume du Rasboul Majeur;7,721
Plume du Serpiplume;1,984
Plume du Timansot;2,801
Plume Graisseuse du Tofu Ventripotent;0,239
Plume Pointue de Renarbo;9,011
Plume Vibrante du Tofu Royal;48,884
Poche de charbon de Grasmera;43,46
Poche de magma de Grasmera;496,324
Poignée de Katana;142,936
Poignée du Gorgouille;29,134
Poil d'Abrakne;0,272
Poil d'aisselle de Missiz Frizz;84,375
Poil de barbe du Shamansot;3,319
Poil de Ben le Ripate;23,958
Poil de Blérauve;67,418
Poil de Bworkette;8,315
Poil de Capsaaloocke;1,34
Poil de Chachachovage;0,976
Poil de Chacrebleu;5,932
Poil de Dragon Cochon;43,75
Poil de Gamino;1,764
Poil de Gliglitch;4,545
Poil de Meno;84,375
Poil de Rat Bontarien;8,962
Poil de Rat Brâkmarien;11,049
Poil de Rat d'Égoutant;0,446
Poil de Renarbo;1,497
Poil de Skeunk;12,016
Poil de Troolléolé;2,251
Poil de Vétauran;0,578
Poil de Wobot Kiafin;0,841
Poil du Wa Wabbit;2,228
Poils d'Arakne Malade;0,059
Poils de barbe de Barbélier;16,875
Poils de Barbe de Dragodinde;3,354
Poils de barbe de Marteau-Aigri;75
Poils de Barbe du Bwork Mage;0,248
Poils de Barbe du Grand Pa Wabbit;0,395
Poils de Barbe du Warko Violet;12,259
Poils de Black Tiwabbit;1,627
Poils de Boulglours;12,2
Poils de Boumbardier;3,722
Poils de Darit;0,665
Poils de Founamboul;3,722
Poils de Goultime;16,875
Poils de Guerrier Koalak;1,778
Poils de Kanigroula;29,659
Poils de Koalak Coco;0,969
Poils de Koalak Forestier;0,969
Poils de Koalak Griotte;0,969
Poils de Koalak Indigo;0,969
Poils de Koalak Reinette;0,969
Poils de Mulounoké;1,349
Poils de Pétartifoux;3,722
Poils de Smilomouth;3
Poils de souris;0,25
Poils de Wo Wabbit;2,38
Poils de Zatoïshwan;550
Poils du Comte Razof;61
Poils du Milimulou;0,111
Poils du Minotoror;8,187
Poils magiques de Tanuki;17,975
Poing de Coquelicogne;16,875
Poing rocheux d'Ishigro Pake;3
Poing-virgule de Shinlam;30,267
Poing-virgule d'Imushin;33,817
Pointe de Lance de Tournoyé;16,875
Pointe osseuse de Grasmera;84,375
Pointes de Knout;132,417
Poison cinglant;8,362
Poisskaille;0,27
Poisskaille Givré;27
Poisson-Chaton;0,07
Poisson Igloo;9
Poisson Pané;0,09
Poisson-Tigre;7
Pollen de Bulbiflore;1,853
Pom de Pin;1,922
Pompon Brunâtre;2,236
Porte-bonheur de Malalfa;4,792
Poterie cassée de Lolojiki;3
Potion d'altération;32,1
Potion de Courant d'Air;161,836
Potion de Crachin;161,836
Potion de Glandage;10,35
Potion des Ancêtres;7,05
Potion de Secousse;161,836
Potion de Séisme;507,775
Potion de Sésanabolisant;85,846
Potion de Souvenir;1,65
Potion d'Étincelle;161,836
Potion de Tsunami;502,11
Potion de Vieillesse;5,85
Potion d'Incendie;502,11
Potion d'Ouragan;502,11
Potion minérale;36,394
Poudre de Perlinpainpain;0,049
Poudre explosive;3,732
Poudre glaciale;61
Poudre Juvénile;0,11
Poudre Mature;3,665
Poudre Novice;0,785
Poudre Vénérable;11,971
Poupée de Caïguille;16,875
Poupée Vaudou Ark;0,446
Poupée Vaudou Eth;0,446
Poupée Vaudou Jav;0,446
Poupée Vaudou Sarbak;0,446
Poupée Vaudou Tam;0,446
Pousse de Malzerb;4,792
Première clef du Donjon de Sphincter;5,75
Première partie de la clef du labyrinthe du Dragon Cochon;2,235
Protection de Funespadon;16,875
Pustule de Rat Sio;1,34
Pyrute;14,475
Queue de Bethel Akarna;84,375
Queue de Black Wabbit;2,033
Queue de Blérom;67,418
Queue de Boostache Prépubère;0,974
Queue de Brikoglours;101,25
Queue de Chapardam;0,044
Queue de Chasquatch;5,932
Queue de Chevrotine;12,2
Queue d'Écumouth;2,719
Queue de dragodinde sauvage;0,565
Queue de Fantomalamère;4,187
Queue de Fennex;0,862
Queue de Glourséleste;61
Queue de Kanigroula;179,258
Queue de Mantaze;16,875
Queue de Meliglours;12,2
Queue de Mère Veilleuse;4,792
Queue de Rat d'Hyoactif;0,395
Queue de Rat du Gang;4,045
Queue de Sanglier des Plaines;1,5
Queue de Scordion Bleu;0,862
Queue de Sinistrofu;101,25
Queue de Wolvero;10,967
Queue de Yomi Givrefoux;40,278
Queue du Boufmouth légendaire;13,256
Queue du Fu Mansot;3,447
Queue du Mulou;1,121
Queue du Royalmouth;71,088
Queue emplumée du Rasboul Majeur;55,851
Queue Magique de Founoroshi;18,611
Quisnoa;10
Racine cristalline;400
Racine d'Abraknyde;0,291
Racine d'Abraknyde Ancestral;4,343
Racine d'Abraknyde Sombre;0,844
Racine d'Abraknyde Vénérable;0,862
Racine d'Abrazif;51,761
Racine de Tronkoblop;0,302
Racine du Chêne Mou;11,552
Raie Bleue;0,19
Raie de Farle;19
Relique de Gourlo le Terrible;3
Relique d'Incarnam;0,045
Relique du Corailleur Magistral;2
Relique du Kimbo;13
Relique du Rasboul Majeur;6
Relique du Tynril;10
Relique Familiale;0,272
Rembourrage de Meupette;4,935
Requin Marché-Libre;21
Requin Marteau-Faucille;0,21
Résidu de Solfataré;5,227
Restes d'Esprigné;16,875
Rhum de Qualité;1,103
Riz;0,15
Riz Cola;15
Ronce ephedryenne;0,25
Rondelle de Bois;1,064
Rondelles de Milirat Strubien;0,665
Rossignol;111,382
Rotule du Disciple Zoth;14,9
Roue de Tivelo;1,012
Rouflaquettes d'Halouine;7,292
Rouge à lèvres de Belladone;84,375
Ruban d'Uchiwang;3,722
Rubis;5,481
Rune Age;0,05
Rune Cha;0,05
Rune Cri;5
Rune de chasse;1,25
Rune de Signature;1,98
Rune Do;20
Rune Do Air;1,25
Rune Do Cri;1,25
Rune Do Eau;1,25
Rune Do Feu;1,25
Rune Do Neutre;1,25
Rune Do Pi;1,25
Rune Do Pou;1,25
Rune Do Ren;1,25
Rune Do Terre;1,25
Rune Fo;0,05
Rune Fui;0,8
Rune Ga Pa;500
Rune Ga Pme;405
Rune Ine;0,05
Rune Ini;0,1
Rune Invo;45
Rune Pa Age;0,225
Rune Pa Cha;0,225
Rune Pa Do Air;5,625
Rune Pa Do Cri;5,625
Rune Pa Do Eau;5,625
Rune Pa Do Feu;5,625
Rune Pa Do Neutre;5,625
Rune Pa Do Pi;5,625
Rune Pa Do Pou;5,625
Rune Pa Do Ren;5,625
Rune Pa Do Terre;5,625
Rune Pa Fo;0,225
Rune Pa Fui;3,6
Rune Pa Ine;0,225
Rune Pa Ini;0,45
Rune Pa Per Pi;0,9
Rune Pa Pod;0,45
Rune Pa Prospe;2,025
Rune Pa Pui;0,9
Rune Pa Ré Air;0,9
Rune Pa Ré Cri;0,9
Rune Pa Ré Eau;0,9
Rune Pa Ré Feu;0,9
Rune Pa Ré Neutre;0,9
Rune Pa Ré Pa;11,025
Rune Pa Ré Pme;11,025
Rune Pa Ré Pou;0,9
Rune Pa Ré Terre;0,9
Rune Pa Ret Pa;11,025
Rune Pa Ret Pme;11,025
Rune Pa Sa;2,025
Rune Pa So;22,5
Rune Pata Age;0,675
Rune Pa Tac;3,6
Rune Pata Cha;0,675
Rune Pata Cri;7,5
Rune Pata Do Air;5,625
Rune Pata Do Cri;5,625
Rune Pata Do Eau;5,625
Rune Pata Do Feu;5,625
Rune Pata Do Neutre;5,625
Rune Pata Do Pou;5,625
Rune Pata Do Terre;5,625
Rune Pata Fo;0,675
Rune Pata Fui;3,6
Rune Pata Ine;0,675
Rune Pata Ini;1,35
Rune Pata Pod;1,35
Rune Pata Pui;2,7
Rune Pata Ré Cri;0,9
Rune Pata Ré Pa;11,025
Rune Pata Ré Pme;11,025
Rune Pata Ré Pou;0,9
Rune Pata Ret Pa;11,025
Rune Pata Ret Pme;11,025
Rune Pata So;22,5
Rune Pata Tac;3,6
Rune Pata Vi;0,675
Rune Pa Vi;0,225
Rune Per Pi;0,2
Rune Po;130,05
Rune Pod;0,1
Rune Prospe;0,45
Rune Pui;0,2
Rune Ra Age;0,675
Rune Ra Cha;0,675
Rune Ra Do Pou;16,875
Rune Ra Fo;0,675
Rune Ra Ine;0,675
Rune Ra Ini;1,35
Rune Ra Per Pi;2,7
Rune Ra Pod;1,35
Rune Ra Pui;2,7
Rune Ra Ré Air;2,7
Rune Ra Ré Cri;2,7
Rune Ra Ré Eau;2,7
Rune Ra Ré Feu;2,7
Rune Ra Ré Neutre;2,7
Rune Ra Ré Pou;2,7
Rune Ra Ré Terre;2,7
Rune Ra Sa;6,075
Rune Rata Age;0,675
Rune Rata Cha;0,675
Rune Rata Do Air;5,625
Rune Rata Do Eau;5,625
Rune Rata Do Feu;5,625
Rune Rata Do Neutre;5,625
Rune Rata Do Terre;5,625
Rune Rata Fo;0,675
Rune Rata Fui;3,6
Rune Rata Ine;0,675
Rune Rata Ini;1,35
Rune Rata Pod;1,35
Rune Rata Pui;2,7
Rune Rata Ré Pa;11,025
Rune Rata Ré Pme;11,025
Rune Rata Ret Pa;11,025
Rune Rata Ret Pme;11,025
Rune Rata So;22,5
Rune Rata Tac;3,6
Rune Rata Vi;0,675
Rune Ra Vi;0,675
Rune Ré Air;0,2
Rune Ré Cri;0,2
Rune Ré Eau;0,2
Rune Ré Feu;0,2
Rune Ré Neutre;0,2
Rune Ré Pa;2,45
Rune Ré Per Air;1,8
Rune Ré Per Eau;1,8
Rune Ré Per Feu;1,8
Rune Ré Per Neutre;1,8
Rune Ré Per Terre;1,8
Rune Ré Pme;2,45
Rune Ré Pou;0,2
Rune Ré Terre;0,2
Rune Ret Pa;2,45
Rune Ret Pme;2,45
Rune Sa;0,45
Rune So;5
Rune Ta Age;0,675
Rune Tac;0,8
Rune Ta Cha;0,675
Rune Ta Cri;7,5
Rune Ta Do Air;5,625
Rune Ta Do Cri;5,625
Rune Ta Do Eau;5,625
Rune Ta Do Feu;5,625
Rune Ta Do Neutre;5,625
Rune Ta Do Pou;5,625
Rune Ta Do Terre;5,625
Rune Ta Fo;0,675
Rune Ta Fui;3,6
Rune Ta Ine;0,675
Rune Ta Ini;1,35
Rune Ta Pod;1,35
Rune Ta Pui;2,7
Rune Ta Ré Cri;0,9
Rune Ta Ré Pa;11,025
Rune Ta Ré Per Air;2,7
Rune Ta Ré Per Eau;2,7
Rune Ta Ré Per Feu;2,7
Rune Ta Ré Per Neutre;2,7
Rune Ta Ré Per Terre;2,7
Rune Ta Ré Pme;11,025
Rune Ta Ré Pou;0,9
Rune Ta Ret Pa;11,025
Rune Ta Ret Pme;11,025
Rune Ta So;22,5
Rune Ta Tac;3,6
Rune Ta Vi;0,675
Rune Vi;0,05
Rutile;14,4
Sable Fin;5,14
Sablier miniature;27,686
Sabot de Gliglicérin;25,971
Sabot du Minotot;179,258
Sac à Patates Clair;1,401
Sac à Patates Sombre;1,401
Sacoche de Kartouche;3,283
Sacrum magistral;1,563
Salace de poissons empoisonnée;52,168
Salikrone;10
Salopette Kwapa;3
Sang coagulé;16,875
Sang de Bouftou;0,487
Sang de Calciné;73,885
Sang de Harpo;16,875
Sang de Karkanik;16,875
Sang de Vampire;0,123
Sang de Ventrublion;16,875
Sang de Viandargh;12,2
Sang de Wabbit Garou;2,403
Sang du Kido;0,535
Sang du Toxoliath;48,382
Saphir;7,086
Sarbacane en Bambou;3
Sardine Brillante;0,11
Sardine Sombre;11
Sauge;0,05
Sauge Divine au Rhum;5
Scalp d'Anatak;620
Scalp de Bizarbwork;6,13
Scalp de Bwariok;20,25
Scalp de Bwork Archer;1,382
Scalp de Klime;506,25
Scalp de Milimulou;0,667
Scalp de Mulounoké;8,043
Scalp du Meulou;5,469
Scapula de Ben le Ripate;142,327
Scapula du Comte Harebourg;84,375
Scarabée Chrysonéfritin;101,25
Sceau du Roi Joueur;16,875
Sceau Royal Contrefait;0,245
Sceau Sylvestre;430
Sceptre brisé de Kabahal;84,375
Scie à glace;98,438
Scorie d'Obsidiantre;29,659
Seau de Pinces à Linge;106,425
Seigle;0,15
Seigle Résistant;15
Sel de Baleine;101,25
Sépale de Drosérâle;101,25
Sépale de Nerbe;3,319
Serre d'Ikargn;20,25
Serrure du Coffre des Forgerons;1,339
Serviette de Plage;0,072
Sève de Bambou;16
Sève de Bambou Sacré;26
Sève de Bambou Sombre;24
Sève d'Ébène;20
Sève de Bombu;11
Sève de Charme;22
Sève de Châtaignier;5
Sève de Chêne;10
Sève de Frêne;3
Sève de Kaliptus;21
Sève de Merisier;17
Sève de Noisetier;19
Sève de Noyer;7
Sève d'Érable;12
Sève de Tremble;27
Sève d'If;15
Sève d'Oliviolet;14
Sève d'Orme;25
Shampooing au Kaliptus de Saphira;14,85
Short de Capoei Rat;1,34
Silex;0,499
Silicate;0,15
Slip de Bwork Archer;0,229
Slip d'Elsoummo;3
Slip de Troollaraj;13,096
Slip en cuir de Cochon de Lait;1,804
Slip en cuir de Porkass;1,627
Slip en cuir du Chafer Lancier;0,272
Slip en Cuir Moulant du Garglyphe;1,064
Slip troué de Dramak;43,46
Socle en coquillage;640
Soie Baveuse;5,513
Souche de l'Abrakleur clair;5,913
Sourcil de Barbétoal;16,875
Sourcil de Moskito;0,364
Sourcils de Tronknyde;1,226
Souris verte;0,404
Spalière de Krâradia;20,25
Sphénoïde du Kimbo;29,659
Sporme de Dremoan;750
Sporme du Champ Champ;0,448
Stapes de Frimar;16,875
Steamopompe;640
Sternum de Chachachovage;5,826
Sternum de Mansordide;101,25
String de Pampactus;3
String en Cuir de la Mama Bwork;54,183
Substrat Astral;300
Substrat de Bocage;3,9
Substrat de Bosquet;16,275
Substrat de Buisson;2,85
Substrat de Fascine;7,65
Substrat de Forêt;27,525
Substrat de Forêt primaire;32,4
Substrat de Forêt vierge;42
Substrat de Fourré;19,725
Substrat de Futaie;5,4
Substrat de Sylve;45
Sueur de dragodinde;6,212
Sueur Froide de Fantôme;0,272
Symbole des Obscuranti;82,931
Talon d'achille de l'Abrakleur sombre;22,302
Tambour de Gobaladée;0,206
Tanche;0,25
Tanche Hantée;25
Tatouage de Mauvais Garçon;0,272
Teinture Magique Bleutée;2,648
Teinture Magique de Rougeur;6,898
Teinture Magique Orange;2,948
Teinture Magique Sombre;2,235
Teinture Magique Ténébreuse;6,353
Teinture Magique Verdâtre;5,247
Teinture Orange Sanguine;29,66
Tendon de Waccro;0,383
Tentacule de Démoloch;16,875
Tentacule de Grofond;16,875
Tentacule de N'Yalg;16,875
Tentacule de Tentaclaque;16,875
Téphra d'Atomystique;34,848
Terre Stérile;103,404
Testicules de Cocholou;8,043
Testicules du Tanukouï San;15
Testicules Magiques de Muloubard;8,043
Testicules Magiques du Meulou;32,731
Tête de lance de Fangshu;3,722
Tête de Marteau en Jade;15
Tête de mort;21,22
Tibia de Koalak Fossoyeur;1,778
Tibia du Guerrier Zoth;15,651
Tige de Bambouto;1,853
Tignasse de Kanihilan;5,645
Tissu de Graboule;6,13
Tissu de Rapiéçage;92,527
Tissu Invisible;0,682
Tissu Pourpre;1,012
Tissu Sombre;1,064
Toile d'Abrakne Sombre;6,208
Tonneau en Bombu;19,95
Topaze;30,768
Toque de Cabosseur;16,875
Touffe de Cheveux Blancs;1,627
Touffe de cheveux de Soissanth;7,737
Touffe de Poils de Rubise;2,304
Touffe rousse du Flib;2,967
Tourbe séchée de Tourbassingue;10,554
Trame Dimensionnelle;75
Tranche de Nodkoko;0,313
Tranche Magique de Krambwork;6,13
Trèfle à 5 feuilles;0,07
Trèfle Agare;7
Tresse du Koulosse;5,469
Tresse du Poolay;30,914
Trident Cassé;0,272
Trident de Tryde;18,08
Trompe de la Tromperelle;9,258
Tronc de Kokoko;0,313
Truite;0,05
Truite Ancestrale;5
Trukikol Mort;1,094
Tuf de Mofette;9,289
Tulipe en papier;10
Tuyau Rouillé de Rate Iboisée;1,919
Ulna de Solfataré;31,593
Venin d'Éperfide;10,613
Venin de Serpentin;2,38
Ventouse du Kralamoure géant;46,023
Ver d'Air;1,515
Ver d'Eau;1,515
Ver de Feu;1,515
Ver de Terre;1,515
Verrou de Servitude;75
Vertèbre de Trépavois;16,875
Vertèbre d'Obsidiantre;179,258
Viande Avariée;0,641
Viande de Brousse;4,929
Viande Exsudative;1,424
Viande Faisandée;0,083
Viande Fraîche;6,085
Viande Frelatée;0,133
Viande Gâtée;9,676
Viande Goûtue;17,003
Viande Hachée;0,053
Viande Intangible;0,043
Viande Ladre;0,446
Viande Macérée;3,786
Viande Maigre;8,372
Viande Minérale;0,208
Viande Noire;12,774
Viande Persillée;3,005
Viande Rassie;1,103
Viande Saignante;2,384
Viande Sanguinolente;0,834
Viande Séchée;1,846
Viande Tendre;0,31
Vieille Partition;0,272
Vieille Ventouse de Kralamoure;1,778
Vieux Bouquin de Rat Li;1,919
Viscères de Scarafeuille;1,297
Viscères de Scorbute;3,281
Viscères de Tanuki;6,719
Viscères du Scarabosse Doré;5,694
Volve d'Aminite;0,045
Volve de Fistulor;8,647
Volve de Fongeur;8,647
Volve de Mérulor;16,875
Vomer d'Apériglours;67,418
Weischelcreme Torte;18,253
Yokayu;45,37
