ID;Ressources;XP
27631;Cristal inhibiteur;20000.0
27013;Croquette infusée du Kozaru;13956.045
27012;Croquette infusée du Kitsou;13886.146
26999;Croquette infusée du Kanig;13783.734
27020;Croquette infusée du Dragoeuf;13763.172
26996;Croquette infusée du Mulou;13734.525
30126;Croquette infusée du Timansot;13700.537
27009;Croquette infusée de la Truche;13688.638
26998;Croquette infusée du Trool;13684.047
27006;Croquette infusée de l'Abraknyde;13675.836
30125;Croquette infusée du Bambouto;13672.106
27015;Croquette infusée du Pandore;13667.518
26997;Croquette infusée du Moskito;13666.442
27018;Croquette infusée de la Boursoin;13660.268
27011;Croquette infusée du Koalak;13657.993
26995;Croquette infusée du Wabbit;13649.686
26994;Croquette infusée du Bwork;13646.887
30124;Croquette infusée de la Léolhyène;13641.762
30122;Croquette infusée du Scarafeuille;13634.484
27014;Croquette infusée du Scorbute;13633.458
27007;Croquette infusée de la Domoizelle;13632.924
27017;Croquette infusée du Champa;13632.068
27003;Croquette infusée du Chafer;13631.206
27005;Croquette infusée du Craqueleur;13628.812
27004;Croquette infusée de la Krokille;13625.937
30123;Croquette infusée du Thomondor;13625.893
27016;Croquette infusée du Noeul;13624.646
27008;Croquette infusée du Piou;13624.513
27002;Croquette infusée du Bwak;13624.131
27000;Croquette infusée de la Boufette;13623.817
27001;Croquette infusée du Gloutoblop;13622.913
27019;Croquette infusée de la Tofoune;13621.8
27010;Croquette infusée de l'Arakne;13619.286
21205;Binocles du Grand Chronomaître;7952.689
20968;Reflet de Bébémoth;7932.121
17965;Accélérateur de propulsion;5892.304
17967;Attrape-peur;5746.875
17963;Sceau des fondateurs;5746.875
20970;Cristal intemporel;5739.379
20969;Cristal temporel;5739.379
17966;Lest anti-tourbillon;5131.487
28279;Pièces de module;5000.0
17968;Statuette de Snedon;4974.375
17964;Volant hydraulique;4974.375
20961;Relique de Bébémoth;3681.818
32294;Carte de Psikopompe;3037.5
32293;Carte de Mekamouth;3037.5
32292;Carte de Glourdorak;3037.5
32291;Carte de Culbutœuf;3037.5
19115;Carte du Chevalier de Glace;3037.5
17643;Carte d'Atcham;3037.5
17240;Carte de Voldelor;3037.5
17230;Carte de Kongoku;3037.5
16042;Carte de l'Hyperscampe;3037.5
15382;Carte de Gein;3037.5
12740;Galet brasillant;2500.0
20972;Nanogrine;1875.939
10272;Masque à Zag;1826.424
32948;Carte de Predagob;1647.0
32287;Carte de la Fuji Givrefoux;1647.0
17161;Bidoche Goûtue;1569.389
15479;Carte de Dremoan;1480.5
32293;Carte de Mekamouth;3037.5
32292;Carte de Glourdorak;3037.5
32291;Carte de Culbutœuf;3037.5
19115;Carte du Chevalier de Glace;3037.5
17643;Carte d'Atcham;3037.5
17240;Carte de Voldelor;3037.5
17230;Carte de Kongoku;3037.5
16042;Carte de l'Hyperscampe;3037.5
15382;Carte de Gein;3037.5
12740;Galet brasillant;2500.0
20972;Nanogrine;1875.939
10272;Masque à Zag;1826.424
32948;Carte de Predagob;1647.0
32287;Carte de la Fuji Givrefoux;1647.0
17161;Bidoche Goûtue;1569.389
15479;Carte de Dremoan;1480.5
32290;Carte de Viti Glourson;1401.75
32289;Carte de Docteur Eggob;1372.5
32288;Carte de Flasho;1372.5
32286;Carte du YeCh'Ti;1323.0
17159;Bidoche Noire;1253.425
29444;Galet rayonnant;1250.0
32947;Carte du Shushu Debruk'Sayl;1233.75
17247;Carte du Guerrier du K.O.;1233.75
32285;Carte de la Vengeuse Masquée;1189.558
17262;Carte de Zatoïshwan;1035.0
17118;Peau du Grand Kongoku;1000.0
17117;Pied de Voldelor;1000.0
16008;Batterie rechargeable de l'Hyperscampe;1000.0
15551;Bouteille de Gein;1000.0
14977;Bitte d'amarrage;1000.0
14936;Insigne des Justiciers;1000.0
14868;Vieille Tête de Marteau;1000.0
13196;Cuir synthétique;1000.0
11795;Racine de synthèse;1000.0
17254;Carte d'Anatak;978.75
17157;Bidoche Gâtée;967.647
32284;Carte de Fantômayte;905.625
32946;Carte de Fojumo;904.5
17853;Jus de poisson méphitique;894.695
24136;Essence de la Reine Amirukam;867.857
24135;Essence du Roi Imagami;867.857
15534;Carte d'Ali Grothor;861.3
17155;Bidoche Maigre;800.363
17116;Épaulière Massive du K.O.;800.0
32945;Carte de Padgref Demoël;783.0
16041;Carte de Pantèroz;783.0
32283;Carte de Katigrou;753.75
17157;Bidoche Gâtée;967.647
32284;Carte de Fantômayte;905.625
32946;Carte de Fojumo;904.5
17853;Jus de poisson méphitique;894.695
24136;Essence de la Reine Amirukam;867.857
24135;Essence du Roi Imagami;867.857
15534;Carte d'Ali Grothor;861.3
17155;Bidoche Maigre;800.363
17116;Épaulière Massive du K.O.;800.0
32945;Carte de Padgref Demoël;783.0
16041;Carte de Pantèroz;783.0
32283;Carte de Katigrou;753.75
15485;Sporme de Dremoan;750.0
13981;Alliage Ivre;750.0
13979;Cœur Gelé;750.0
32944;Carte de Nenufor Tilotus;692.85
17852;Jus de poisson pestilentiel;670.925
32281;Carte de Bouflouth;670.5
32282;Carte de Monsieur Pingouin;652.5
17870;Socle en coquillage;640.0
17869;Filtre à frousse;640.0
17868;Plombs de plongée;640.0
17867;Hélice en laiton;640.0
17866;Steamopompe;640.0
17865;Marque des grands fonds;640.0
13367;Galet Solaire;625.0
33500;Gigantesque Élixir de Dragofesse;622.015
17115;Scalp d'Anatak;620.0
33503;Gigantesque Élixir de Mangeoire;607.875
33502;Gigantesque Élixir d'Abreuvoir;607.875
33499;Gigantesque Élixir de Caresseur;607.875
33498;Gigantesque Élixir de Baffeur;607.875
33501;Gigantesque Élixir de Foudroyeur;607.5
13980;Cuir Onique;600.0
17114;Poils de Zatoïshwan;550.0
26347;Gravure de Séisme;516.054
1348;Potion de Séisme;512.374
31678;Corne du Vénérable Endormi;506.25
31628;Toison de la Déchireuse;506.25
27405;Essence de Belladone;506.25
26041;Essence de l'Éternel Conflit;506.25
25318;Essence de Kabahal;506.25
21217;Essence de Torkélonia;506.25
19916;Essence de Tal Kasha;506.25
19914;Essence de Dazak Martegel;506.25
19912;Essence d'Anerice la Shushess;506.25
19911;Essence de la Larve de Koutoulou;506.25
19910;Essence de Dantinéa;506.25
19909;Essence d'Ilyzaelle;506.25
19908;Essence de Meno;506.25
19906;Essence de Bethel Akarna;506.25
17735;Essence du Chalœil;506.25
15734;Essence de Vortex;506.25
15705;Essence du Protozorreur;506.25
15704;Essence de la Reine des Voleurs;506.25
15272;Essence du Roi Nidas;506.25
14865;Cœur de Merkator;506.25
14706;Essence de Merkator;506.25
14705;Essence du Comte Harebourg;506.25
14704;Essence de Nileza;506.25
14703;Essence de Klime;506.25
14702;Essence de Sylargh;506.25
14701;Essence de Missiz Frizz;506.25
13995;Bandelette du Comte Harebourg;506.25
13983;Incisive de Sylargh;506.25
13948;Braguette de Nileza;506.25
13936;Culotte de Missiz Frizz;506.25
13924;Scalp de Klime;506.25
26349;Gravure d'Ouragan;505.79
26348;Gravure d'Incendie;505.79
26345;Gravure de Tsunami;505.79
1347;Potion d'Ouragan;502.11
1346;Potion de Tsunami;502.11
1345;Potion d'Incendie;502.11
16208;Fragment de Rubis Fertile;500.0
15541;Œuf d'Ali Grothor;500.0
14268;Poche de magma de Grasmera;496.324
21515;Essence de Corruption;491.36
17151;Bidoche de Brousse;475.207
32943;Carte de Trukipik;472.5
32942;Carte de Naganita;472.5
32941;Carte de Carlita de l'Aguerfelde;472.5
17275;Orbe régénérant magistral;450.0
22130;Essence de Servitude;450.0
22129;Essence de Misère;450.0
22128;Essence de Guerre;450.0
16207;Sceau Sylvestre;430.0
23950;Clef de la Mémoire d'Orukam;416.451
23951;Clef du Souvenir d'Imagiro;405.801
14145;Œil de verre;400.0
14144;Mycoses gelées;400.0
14143;Fermeture éclair;400.0
14142;Boulon neuf;400.0
14141;Racine cristalline;400.0
17149;Bidoche Macérée;377.99
19907;Essence de Solar;377.72
11944;Hamatum de Glourséleste;375.0
11932;Étoffe de Kolosso;375.0
11883;Condyle de Fuji Givrefoux;375.0
11517;Eclat temporel;375.0
27451;Essence de Barbéryl Clochecuivre;366.0
19913;Essence du Comte Razof;366.0
14975;Essence d'Ombre;366.0
14700;Essence du Glourséleste;366.0
14699;Essence de Grolloum;366.0
14698;Essence de Fuji Givrefoux;366.0
14697;Essence du Kolosso;366.0
25252;Clef du Rituel de Kabahal;338.475
27518;Cœur de Cire Momore;337.5
21013;Boucle intemporelle;337.5
21012;Boucle temporelle;337.5
23105;Lame de Katana;335.438
33494;Grand Élixir de Mangeoire;331.579
11292;Prototype d'Abreuvoir frigostien en Bambou;313.129
16472;Espadon Quichotte;305.0
19514;Clef de la Tour de Solar;302.578
11294;Prototype de Foudroyeur frigostien en Bambou;300.552
17147;Bidoche Persillée;300.518
24144;Substrat Astral;300.0
27404;Clef de la Chambre des maléfices;297.975
26039;Clef de la Bataille de l'Aurore Pourpre;297.975
21216;Clef du Sanctuaire de Torkélonia;297.975
20920;Clef du Temple du dieu Kao;297.975
19515;Clef de la Tour de Bethel;297.975
19216;Clef du Belvédère d'Ilyzaelle;297.975
19049;Clef du Manoir des Katrepat;297.975
18544;Clef de la Chambre de Tal Kasha;297.975
32938;Carte de Musha l'Oni;297.563
15703;Essence du Toxoliath;290.294
14696;Essence d'Ougah;290.294
14695;Essence du Bworker;290.294
14693;Essence du Korriandre;290.294
11293;Prototype de Mangeoire frigostienne en Bambou;289.805
11896;Œil de Korriandre;289.613
9401;Peau du Bworker;289.613
9281;Fragment d'Ougalurette;289.613
11295;Prototype de Baffeur frigostien en Bambou;288.522
12152;Clef de la Maison du Papa Nowel;286.511
27714;Fleur de Cendrepierre;280.748
8812;Encre du Kralamoure géant;278.159
14694;Essence du Kralamoure Géant;276.136
32940;Carte de Rok Gnorok;258.0
32939;Carte de Simbadas;258.0
11282;Gants de protection;257.475
22148;Clef de l'Arbre de Mort;254.595
22401;Clef de la Tempête de l'Eliocalypse;254.19
22149;Clef de la Sentence de la Balance;254.19
22147;Clef du Trône de Sang;254.19
22028;Clef des Fers de la Tyrannie;254.19
19963;Clef de la Brasserie du roi Dazak;254.19
15690;Clef du Ventre de la Baleine;254.19
14870;Clef de l'Aquadôme de Merkator;254.19
14047;Clef du Donjon du Comte Harebourg;254.19
14046;Clef du Laboratoire de Nileza;254.19
14045;Clef des Salons privés de Klime;254.19
14044;Clef du Transporteur de Sylargh;254.19
14043;Clef de la Forgefroide de Missiz Frizz;254.19
31650;Clef du Breuil du Vénérable;253.935
12738;Galet rutilant;250.0
33493;Grand Élixir d'Abreuvoir;246.371
33492;Grand Élixir de Foudroyeur;245.996
33484;Élixir d'Abreuvoir;244.476
15808;Clef de l'Œil de Vortex;244.215
17145;Bidoche Saignante;237.261
32936;Carte de Tyranne la Terrible;234.865
18067;Clef du Palais de Dantinéa;232.692
24134;Essence de Koumiho;232.105
19938;Essence du Père Ver;232.105
15735;Essence de XLII;232.105
14692;Essence du Tengu Givrefoux;232.105
31533;Carapace de Supervizœuf;229.688
18068;Clef du Temple de Koutoulou;226.875
18066;Clef du Vaisseau du Capitaine Meno;226.875
11342;Cuir de Tengu Givrefoux;226.852
14678;Essence de Shihan et Hanshi;223.333
11181;Clef de l'Antichambre des Gloursons;219.528
22105;Planche hatoufer;219.0
14935;Clef de la Pyramide d'Ombre;210.276
15475;Clef du Trône de la Cour Sombre;209.671
11180;Clef des cavernes du Kolosso;207.078
32937;Carte d'Aermyne Scalptaras;207.0
15280;Clef du Palais du roi Nidas;206.693
23957;Pétale de Papier;205.741
23965;Pétale d'encre;205.006
17565;Clef du Défi du Chalœil;204.12
33482;Élixir de Dragofesse;194.456
27440;Clef du Bastion des Marteaux-Aigris;187.753
18736;Clef du Camp du Comte Razof;187.753
33485;Élixir de Mangeoire;186.259
33481;Élixir de Caresseur;185.382
8329;Clef de la mine de Sakaï;183.117
15040;Queue de Kanigroula;179.258
11334;Vertèbre d'Obsidiantre;179.258
8789;Chaussette du Kimbo;179.258
8408;Sabot du Minotot;179.258
24133;Essence du Shogun Tofugawa;177.955
17736;Essence de Ush;177.955
15095;Essence de Kanigroula;177.955
14691;Essence de l'Obsidiantre;177.955
14690;Essence du Minotot;177.955
14689;Essence du Kimbo;177.955
31447;Énorme pierre d'âme spéciale;173.606
9247;Clef du Temple du Grand Ougah;167.863
33491;Grand Élixir de Dragofesse;165.011
33489;Grand Élixir de Baffeur;163.593
32935;Carte de Qil Bil;162.0
1338;Potion de Secousse;161.836
1337;Potion de Courant d'Air;161.836
1335;Potion de Crachin;161.836
1333;Potion d'Étincelle;161.836
26358;Gravure de Secousse;160.716
26355;Gravure de Crachin;160.716
26354;Gravure de Courant d'Air;160.716
26353;Gravure d'Étincelle;160.716
33515;Neurone de dragodinde;160.0
17864;Ambre de muldo;160.0
12151;Clef de la Caverne de Nowel;159.939
17851;Jus de poisson asphyxiant;157.425
12451;Croc de Krokille;155.625
33490;Grand Élixir de Caresseur;155.278
31651;Clef de l'Autel de la Déchireuse;153.09
17274;Orbe régénérant majeur;150.0
23971;Diacritique de la Reine Amirukam;144.643
23963;Diacritique du Roi Imagami;144.643
33496;Optimakina Dragodinde de Génération 10;144.333
26803;Essence d'Hell Mina;143.75
15274;Essence du Phossile;143.75
14688;Essence de Sphincter Cell;143.75
14687;Essence de Ben le Ripate;143.75
23106;Poignée de Katana;142.936
12468;Bézoard Ardent de Grozilla;142.327
11322;Scapula de Ben le Ripate;142.327
8487;Étoffe de Sphincter Cell;142.327
33472;Petit Élixir de Caresseur;141.363
6884;Clef de la Grotte du Bworker;141.132
31517;Artefact Pandawushu;136.936
20971;Œuf inerte;136.2
11179;Clef de l'Antre du Korriandre;135.044
17442;Pointes de Knout;132.417
17444;Lanières de Knout;130.048
33541;Optimakina Muldo de Génération 10;126.814
33497;Optimakina Volkorne de Génération 10;126.814
17772;Clef du caveau du Roi Léorictus;125.801
13366;Galet Lunaire;125.0
15476;Clef de la Cave du Toxoliath;123.986
32934;Carte de Marzwel le Gobelin;123.0
16040;Carte de Brumen;123.0
18552;Clef du Boyau du Père Ver;121.401
33483;Élixir de Foudroyeur;120.989
23591;Clef de la Demeure des Esprits;120.112
17153;Bidoche Fraîche;119.725
25182;Appendice Démoniaque;119.118
11281;Masque de protection;116.541
33463;Minuscule Élixir de Caresseur;116.424
33540;Animakina Muldo de Génération 10;113.821
15807;Clef de l'Horologium de XLII;113.781
11233;Œuf du Mansot Royal;113.176
8916;Ambre du Tynril;113.176
14683;Essence de Founoroshi;112.082
17981;Peau de Trithon;111.724
14686;Essence du Mansot Royal;111.667
14685;Essence du Tynril;111.667
15533;Rossignol;111.382
33465;Minuscule Élixir de Foudroyeur;110.888
11178;Clef de la Tanière Givrefoux;109.69
33539;Kromakina Muldo de Génération 10;109.538
33462;Minuscule Élixir de Baffeur;107.208
10019;Seau de Pinces à Linge;106.425
7026;Aigue-Marine;105.701
9976;Grattoir à dos inachevé;105.662
22203;Germes corrompus;104.008
33473;Petit Élixir de Dragofesse;103.973
14679;Essence du Tofu Royal;103.953
22253;Lame tranchante;103.404
22222;Collier d'esclave;103.404
22052;Terre Stérile;103.404
33487;Kromakina Volkorne de Génération 10;102.216
31677;Corne d'Amphibouc;101.25
31676;Front osseux de Gropotam;101.25
31675;Défense de Brutapir;101.25
31674;Corne de Lapilope;101.25
31673;Corne de Gyrafor;101.25
31666;Peau de zarbivore;101.25
31627;Frange d'Ébourifauve;101.25
31626;Tresse de Domptueuse;101.25
31625;Mise en plis de Voracle;101.25
31623;Peigne de Rhoarim;101.25
27517;Cire de Cire Momore;101.25
27403;Fleur des protecteurs;101.25
26036;Pic de Ravageur;101.25
21206;Œil de Crocodaille albinos;101.25
20914;Éclat Kao brisé;101.25
19968;Chope de Bière;101.25
19412;Coquille de Submergé;101.25
19233;Brûlâme encapsulé;101.25
19074;Goulobule rouge;101.25
18543;Scarabée Chrysonéfritin;101.25
17988;Pierre Angulaire;101.25
17974;Parasite Aquatique;101.25
15691;Sel de Baleine;101.25
14863;Chaussette du Cyclophandre;101.25
14861;Broderie d'Eskoglyphe;101.25
14853;Œil de Harpo;101.25
14823;Huile de Pikoleur;101.25
14817;Pince de Krabouilleur;101.25
13993;Pic du Nocturlabe;101.25
13991;Queue de Sinistrofu;101.25
13989;Plume de Cycloïde;101.25
13987;Bec de Strigide;101.25
13985;Bec de Granduk;101.25
13978;Pédoncule de Mérulor;101.25
13976;Oreille de Mécanofoux;101.25
13974;Sternum de Mansordide;101.25
13972;Queue de Brikoglours;101.25
13950;Griffe de Kanimate;101.25
13946;Sépale de Drosérâle;101.25
13944;Carapace de Termystique;101.25
13942;Bec de Dodox;101.25
13940;Crinière de Krakal;101.25
13938;Molaire de Nessil;101.25
13934;Moustache de Frimar;101.25
13932;Cervelle de Verglasseur;101.25
13930;Malleus de Karkanik;101.25
13928;Ethmoïde de Stalak;101.25
13926;Molaire de Ventrublion;101.25
13922;Dent de Cuirboule;101.25
13920;Cœur d'Empaillé;101.25
13917;Cervelle de Peunch;101.25
13916;Étoffe de Grodruche;101.25
13914;Culotte de Harrogant;101.25
17139;Bidoche Rassie;100.28
16009;Élixir de Brumen;100.0
14921;Étoffe Mystérieuse;100.0
33478;Optimakina Dragodinde de Génération 9;99.565
11279;Scie à glace;98.438
17443;Manche de Knout;97.5
8809;Culotte à l'envers du Roissingue;97.29
17781;Dissolvant Phosphorescent;97.065
33488;Animakina Dragodinde de Génération 10;96.043
31649;Clef du Poste de contrôle du Supervizœuf;95.212
33476;Petit Élixir de Mangeoire;95.176
33495;Animakina Volkorne de Génération 10;94.895
10030;Tissu de Rapiéçage;92.532
33475;Petit Élixir d'Abreuvoir;92.468
23630;Clef de la Tombe du Shogun Tofugawa;91.416
33471;Petit Élixir de Baffeur;90.147
32933;Carte d'Ogivol Scalarcin;90.0
19915;Essence d'El Piko;90.0
15702;Essence du Capitaine Ekarlatte;90.0
15362;Essence de la Haute Truche;90.0
14682;Essence de Tanukouï San;90.0
18364;Étoile d'Or d'El Piko;89.876
15066;Œuf de Haute Truche;89.876
14663;Essence de Nagate;87.879
8977;Clef de la Canopée du Kimbo;87.707
33538;Optimakina Muldo de Génération 9;87.545
33479;Optimakina Volkorne de Génération 9;87.545
15093;Clef de la Grotte de Kanigroula;86.699
10204;Potion de Sésanabolisant;85.846
31446;Grande pierre d'âme spéciale;84.694
31892;Feu sacré de Gargandyas;84.375
31672;Crinière du Vénérable Endormi;84.375
31631;Griffe de la Déchireuse;84.375
27402;Rouge à lèvres de Belladone;84.375
26037;Masque cauchemardesque de l'Éternel Conflit;84.375
25181;Sceptre brisé de Kabahal;84.375
21207;Écaille de Torkélonia;84.375
20913;Broderie de la Prêtresse de Kao;84.375
19969;Épaulière de Dazak Martegel;84.375
19411;Queue de Bethel Akarna;84.375
19237;Plume d'Ilyzaelle;84.375
19068;Pic d'Anerice;84.375
18542;Cheveux de Tal Kasha;84.375
17982;Dentier de Dantinéa;84.375
17976;Poil de Meno;84.375
17626;Dé du Chalœil;84.375
15689;Noyau de Protozorreur;84.375
15445;Broderie de la Reine des Voleurs;84.375
15176;Joyau de la couronne du roi Nidas;84.375
14864;Barbe de Merkator;84.375
14267;Pointe osseuse de Grasmera;84.375
13994;Scapula du Comte Harebourg;84.375
13982;Laine de Sylargh;84.375
13947;Broderie de Nileza;84.375
13935;Poil d'aisselle de Missiz Frizz;84.375
13923;Moustache de Klime;84.375
17137;Bidoche Sanguinolente;84.146
14927;Symbole des Obscuranti;82.931
22204;Corne de Corruption;81.893
31448;Gigantesque pierre d'âme spéciale;81.512
11176;Clef du Grolandais violent;80.872
33486;Kromakina Dragodinde de Génération 10;80.221
33467;Minuscule Élixir de Mangeoire;79.085
33536;Kromakina Muldo de Génération 9;77.06
11177;Clef de l'hypogée de l'Obsidiantre;76.645
9975;Manche du Grattoir;75.995
33466;Minuscule Élixir d'Abreuvoir;75.439
15219;Trame Dimensionnelle;75.0
22246;Bonnet de Guerre;75.0
22219;Verrou de Servitude;75.0
22046;Plume de Misère;75.0
27433;Poils de barbe de Marteau-Aigri;75.0
18735;Bouteille de Bouchonnois;75.0
11946;Calcanéus de Meliglours;75.0
11940;Étoffe de Glourmand;75.0
11937;Laine de Glouragan;75.0
11935;Iris de Boulglours;75.0
11522;Fragment de pépite de Sakaï;74.838
26333;Clef du Tertre du long sommeil;74.665
19405;Sang de Calciné;73.885
17564;Clef du Plateau de Ush;73.162
15531;Crochet rouillé;72.5
15736;Essence de Fraktale;72.097
14681;Essence de Skeunk;72.097
14677;Essence du Royalmouth;72.097
1680;Corne Brûlée du Minotoror;71.635
33469;Kromakina Volkorne de Génération 9;71.203
11219;Queue du Royalmouth;71.088
8404;Peau de Skeunk;71.088
11919;Œil de Fleuro;69.703
6490;Ambre du Chêne Mou;69.598
14684;Essence du Chêne Mou;69.31
33436;Potion de Mangeoire;67.936
11933;Vomer d'Apériglours;67.418
11929;Queue de Blérom;67.418
11928;Oreille de Blérice;67.418
11925;Étoffe de Croleur;67.418
11924;Poil de Blérauve;67.418
11922;Manubrium de Wolvero;67.418
17850;Jus de poisson abominable;66.345
33470;Animakina Dragodinde de Génération 9;66.264
33445;Grande Potion d'Abreuvoir;66.156
33443;Grande Potion de Dragofesse;65.841
33537;Animakina Muldo de Génération 9;65.346
33477;Animakina Volkorne de Génération 9;65.346
12001;Larme de Givrefoux;65.0
14674;Essence du Rat Noir;64.068
8975;Clef du Laboratoire du Tynril;63.813
19404;Cervelle de Solar;62.953
17135;Bidoche Avariée;62.212
27439;Cloche de Barbéryl Clochecuivre;61.0
18734;Poils du Comte Razof;61.0
14928;Corne d'Ombre;61.0
13154;Poudre glaciale;61.0
11943;Queue de Glourséleste;61.0
11931;Griffe de Kolosso;61.0
11884;Cuir de Fuji Givrefoux;61.0
33461;Optimakina Muldo de Génération 8;60.393
33460;Optimakina Volkorne de Génération 8;60.393
15279;Clef de la Galerie du Phossile;59.63
31445;Moyenne pierre d'âme spéciale;59.459
8307;Clef de la salle du Minotot;59.35
33441;Grande Potion de Baffeur;59.263
33459;Optimakina Dragodinde de Génération 8;59.149
17143;Bidoche Séchée;58.835
33424;Petite Potion d'Abreuvoir;58.146
7312;Clef de la Fabrique de foux d'artifice;57.849
7309;Clef du Dojo du vent;57.849
13747;Caleçon de Cybwork;57.29
33468;Kromakina Dragodinde de Génération 9;56.693
426;Fibre de Chanvre;56.207
8798;Queue emplumée du Rasboul Majeur;55.851
17737;Essence du Pounicheur;55.588
13745;Caleçon Blanc;54.798
13743;Caleçon Bleu;54.798
13741;Caleçon Brun;54.798
13739;Caleçon Rouge;54.798
8436;Clef de la Clairière du Chêne Mou;54.366
13737;String en Cuir de la Mama Bwork;54.183
33480;Élixir de Baffeur;52.37
33449;Kromakina Muldo de Génération 8;52.345
929;Kristalite;52.171
9969;Salace de poissons empoisonnée;52.168
11894;Pédoncule de Mérulette;51.761
11892;Racine d'Abrazif;51.761
11889;Pédoncule de Fongeur;51.761
11887;Oreille de Fistulor;51.761
11886;Œil de Dramanite;51.761
33456;Gigantesque Potion d'Abreuvoir;51.122
33453;Gigantesque Potion de Caresseur;50.754
14680;Essence de Crocabulia;49.121
14676;Essence du Minotoror;49.121
14675;Essence du Blop Multicolore Royal;49.121
11175;Clef Mansot;49.065
9391;Fleur de Blop Multicolore Royal;48.885
8387;Plume Vibrante du Tofu Royal;48.885
8365;Corne brisée de Crocabulia;48.885
15451;Sang du Toxoliath;48.382
13157;Ongle du Bworker;48.382
11895;Patte de Korriandre;48.382
9280;Épine d'Ougah;48.382
33438;Optimakina Dragodinde de Génération 7;48.269
33458;Animakina Muldo de Génération 8;48.145
33451;Animakina Volkorne de Génération 8;48.042
33448;Kromakina Volkorne de Génération 8;47.75
18567;Carapace de Ver des Sables;47.559
15477;Clef du Ring du Capitaine Ekarlatte;47.198
7310;Clef de la Vallée de la Dame des eaux;47.114
20919;Clef de la Croquanterie;47.114
18422;Clef de la Caverne d'El Piko;47.114
14671;Essence du Rasboul Majeur;46.324
33440;Optimakina Muldo de Génération 7;46.224
33439;Optimakina Volkorne de Génération 7;46.224
8813;Ventouse du Kralamoure géant;46.023
31532;Zœuf de Quadrabz;45.938
31531;Zœuf de Kamikabz;45.938
31530;Zœuf de Toubibz;45.938
31529;Zœuf de Balebz;45.938
31523;Touffe de Kabombz;45.938
33437;Animakina Muldo de Génération 7;45.381
7383;Yokayu;45.37
33474;Petit Élixir de Foudroyeur;45.062
17273;Orbe régénérant;45.0
16460;Substrat de Sylve;45.0
17133;Bidoche Ladre;44.76
14673;Essence du Rat Blanc;43.953
8393;Poil de Dragon Cochon;43.75
21514;Essence du Kharnozor;43.75
15273;Essence de Malléfisk;43.75
14670;Essence de Dramak;43.75
14672;Essence du Maître Corbac;43.539
21265;Œil du Kharnozor;43.46
14517;Slip troué de Dramak;43.46
14266;Poche de charbon de Grasmera;43.46
13334;Chicots d'Halouine;43.46
33432;Potion de Caresseur;43.249
28277;Grizite;42.964
7311;Clef de l'Atelier du Tanukouï San;42.614
33447;Kromakina Dragodinde de Génération 8;42.536
33425;Petite Potion de Mangeoire;42.342
16459;Substrat de Forêt vierge;42.0
15378;Carte de Frakacia;42.0
33427;Kromakina Volkorne de Génération 7;41.81
17777;Clef du caveau du Prince Djamal;41.409
15162;Clef de la Volière de la Haute Truche;40.938
33428;Kromakina Muldo de Génération 7;40.459
33444;Grande Potion de Foudroyeur;40.412
11948;Cornée de Kami Givrefoux;40.278
11882;Queue de Yomi Givrefoux;40.278
11340;Crâne de Yokaï Givrefoux;40.278
11337;Cuir de Maho Givrefoux;40.278
11335;Patte de Soryo Givrefoux;40.278
14656;Essence de Damadrya;40.213
33421;Petite Potion de Caresseur;39.84
33423;Petite Potion de Foudroyeur;39.549
33417;Optimakina Dragodinde de Génération 6;39.31
33442;Grande Potion de Caresseur;39.122
33418;Optimakina Volkorne de Génération 6;39.009
31528;Slip feuillu de Supervizœuf;38.684
18568;Œil du Père Ver;38.684
15721;Corne de XLII;38.684
11341;Laine de Tengu Givrefoux;38.684
7385;Braises bleutées;38.684
33450;Animakina Dragodinde de Génération 8;38.256
31444;Petite pierre d'âme spéciale;38.215
33429;Animakina Dragodinde de Génération 7;38.106
33407;Kromakina Muldo de Génération 6;36.92
2527;Clakoss;36.856
14264;Fausse dent de Grozilla;36.765
28268;Farine de contrebande;36.75
12450;Coquille de Krokille;36.648
33396;Optimakina Dragodinde de Génération 5;36.473
12743;Potion minérale;36.394
11328;Œuf de Crapeur;36.392
33464;Minuscule Élixir de Dragofesse;36.163
15806;Clef du Mégalithe de Fraktale;36.136
7384;Étoffe de Samouraï fantôme;35.852
23694;Concassé de brume;35.591
8796;Nœud de l'Abrakleur clair;34.882
11330;Artefact de Fumrirolle;34.848
11324;Téphra d'Atomystique;34.848
15044;Frimousse d'Alhyène;34.115
15042;Peau de Kanihilan;34.115
31890;Dent de zarbivore perturbé;34.02
8793;Coquille du Kaskargo;34.011
33419;Optimakina Muldo de Génération 6;33.98
23958;Poing-virgule d'Imushin;33.817
18743;Implants Rustiques;33.637
16181;Globule de Nyée;33.385
2623;Bwak Squelettique;33.385
1696;Étoffe de Choudini;33.385
15052;Boucle d'Orfélin;33.322
15050;Étoffe de Kaniblou;33.322
17785;Clef du Temple Maudit;33.265
33406;Kromakina Volkorne de Génération 6;33.259
19921;Essence de Choudini;33.077
17414;Essence du Chouque;33.077
16286;Essence de la Reine Nyée;33.077
11316;Dent de Fantômat;33.059
31889;Poil de Rhoarim perturbé;32.989
11174;Clef de la serre du Royalmouth;32.863
14669;Essence de Moon;32.813
14668;Essence du Meulou;32.813
14667;Essence du Koulosse;32.813
14666;Essence du Dragon Cochon;32.813
8402;Pierre du Koulosse;32.731
8384;Étoffe Magique de Moon;32.731
2806;Testicules Magiques du Meulou;32.731
33416;Animakina Muldo de Génération 6;32.558
15048;Boule de Panthègros;32.548
15046;Canine de Félygiène;32.548
33433;Potion de Dragofesse;32.528
8792;Coco du Bitouf aérien;32.423
16458;Substrat de Forêt primaire;32.4
9979;Philtre de Longévité;32.16
12734;Potion d'altération;32.1
33386;Kromakina Muldo de Génération 5;32.055
33430;Animakina Volkorne de Génération 7;31.673
33426;Kromakina Dragodinde de Génération 7;31.597
11326;Ulna de Solfataré;31.593
33415;Minuscule Potion de Mangeoire;31.593
11701;Jus d'Écumouth pressé;31.536
2448;Cervelle de Bouftou des Cavernes;31.342
33375;Optimakina Dragodinde de Génération 4;31.214
9949;Pâte à Tra Khben;31.095
8073;Clef du Repaire de Skeunk;30.945
8786;Tresse du Poolay;30.914
33408;Animakina Dragodinde de Génération 6;30.816
7027;Topaze;30.768
14954;Éclat Obscur;30.5
33398;Optimakina Muldo de Génération 5;30.463
33397;Optimakina Volkorne de Génération 5;30.463
33434;Potion de Foudroyeur;30.4
8438;Clef de la Sousouricière du Rat Noir;30.394
17131;Bidoche Tendre;30.296
23966;Poing-virgule de Shinlam;30.267
15478;Culotte de Frakacia;30.0
23970;Apostrophe de Fugokam;30.0
23969;Cédille de Tsunam;30.0
23968;Guillemets de Mabram;30.0
23967;Carapace circonflexe de Rokoram;30.0
23962;Apostrophe d'Imafugo;30.0
23961;Cédille d'Imetsu;30.0
23960;Guillemets d'Imiyama;30.0
23959;Carapace circonflexe d'Imorok;30.0
10031;Teinture Orange Sanguine;29.66
17620;Moustache de Ush;29.659
15039;Poils de Kanigroula;29.659
13168;Ethmoïde du Minotot;29.659
13164;Sphénoïde du Kimbo;29.659
11333;Scorie d'Obsidiantre;29.659
7393;Moustache du Shogun Tofugawa;29.659
12735;Clef de la Bambusaie de Damadrya;29.603
33409;Animakina Volkorne de Génération 6;29.598
8791;Étoffe de Meupette;29.559
12374;Poignée du Gorgouille;29.134
17141;Bidoche Exsudative;29.006
11320;Œil de Vigie Pirate;28.879
9973;Extrémité du Grattoir;28.794
12351;Clef du Repaire de Sphincter Cell;28.771
33431;Potion de Baffeur;28.666
33354;Optimakina Dragodinde de Génération 3;28.638
26316;Pétale de Malter;28.465
8342;Clef de l'Antre de Crocabulia;28.313
7924;Clef du Labyrinthe du Minotoror;27.766
15733;Sablier miniature;27.686
16499;Planche de Salut;27.6
33422;Petite Potion de Dragofesse;27.552
12733;Substrat de Forêt;27.525
8320;Clef de l'antre du Dragon Cochon;27.403
33333;Optimakina Dragodinde de Génération 2;27.239
33385;Kromakina Volkorne de Génération 5;27.168
16926;Sève de Tremble;27.0
11501;Étoile des Neiges;27.0
11500;Poisskaille Givré;27.0
11499;Frostiz soufflé;27.0
8364;Lanière en cuir de Gliglitch;27.0
33405;Kromakina Dragodinde de Génération 6;26.801
33387;Animakina Dragodinde de Génération 5;26.657
8357;Corne de Gliglibido;26.476
17567;Biscuit de chance;26.439
17421;Bidoche Intangible;26.316
8972;Clef du Goulet du Rasboul;26.257
33377;Optimakina Muldo de Génération 4;26.237
33376;Optimakina Volkorne de Génération 4;26.237
33395;Animakina Muldo de Génération 5;26.198
8495;Bourgeon d'Abraknyde Ancestral;26.156
14665;Essence de l'Abraknyde Ancestral;26.061
16925;Sève de Bambou Sacré;26.0
2514;Sabot de Gliglicérin;25.971
2510;Estomac de Gliglidoudur;25.726
28269;Coffre-forge;25.5
7926;Clef de la Bibliothèque du Maître Corbac;25.271
19905;Essence du Mantiscore;25.244
14664;Essence du Wa Wobot;25.244
18385;Cœur du Mantiscore;25.219
8439;Clef du Garde-manger du Rat Blanc;25.087
16924;Sève d'Orme;25.0
16470;Tanche Hantée;25.0
16457;Millet Zime;25.0
16390;Mandragorgonzola;25.0
13365;Galet Saisonnier;25.0
12737;Galet cramoisi;25.0
33365;Kromakina Muldo de Génération 4;24.932
11317;Coquille de Harpirate;24.876
11313;Huile de Fantimonier;24.876
11311;Bouée de Fantomalamère;24.876
11310;Corde du Fancrôme;24.876
15182;Kamatrix;24.846
16498;Planche à Dessin;24.6
33388;Animakina Volkorne de Génération 5;24.444
33384;Kromakina Dragodinde de Génération 5;24.189
33355;Optimakina Volkorne de Génération 3;24.138
33454;Gigantesque Potion de Dragofesse;24.101
17563;Clef du Miausolée du Pounicheur;24.065
16923;Sève de Bambou Sombre;24.0
16468;Morue Barbue;24.0
15170;Défense du Phossile;23.958
12467;Épine Dorsale de Grozilla;23.958
11321;Poil de Ben le Ripate;23.958
8490;Fémur de Sphincter Cell;23.958
2299;Mèche Rebelle d'Hell Mina;23.958
16214;Pilule du Gang;23.811
33356;Optimakina Muldo de Génération 3;23.724
33400;Gigantesque Philtre de Caresseur;23.384
33364;Kromakina Volkorne de Génération 4;22.735
7304;Étoffe de Firefoux;22.639
7225;Artefact Pandawushu Feu;22.639
7306;Pelage aérodynamique;22.635
7223;Artefact Pandawushu Vent;22.635
8784;Talon d'achille de l'Abrakleur sombre;22.302
16922;Sève de Charme;22.0
16455;Maïssého;22.0
16388;Belladonzelle;22.0
1792;Bar Iton;22.0
33374;Animakina Muldo de Génération 4;21.906
21249;Clef du Repaire du Kharnozor;21.81
8776;Coco du Bitouf Sombre;21.784
33335;Optimakina Muldo de Génération 2;21.704
33334;Optimakina Volkorne de Génération 2;21.607
33344;Kromakina Muldo de Génération 3;21.402
7028;Agathe;21.309
8771;Écorce de Floribonde;21.278
15444;Tête de mort;21.22
14560;Clef du Théâtre de Dramak;21.127
8156;Clef de la Tanière du Meulou;21.125
16921;Sève de Kaliptus;21.0
1853;Requin Marché-Libre;21.0
33366;Animakina Dragodinde de Génération 4;20.883
8774;Écorce de Fécorce;20.784
11231;Oreille du Fu Mansot;20.745
14464;Clef du Château du Wa Wabbit;20.688
33412;Minuscule Potion de Dragofesse;20.63
33367;Animakina Volkorne de Génération 4;20.539
33363;Kromakina Dragodinde de Génération 4;20.501
11249;Étoffe de Kaniglou;20.327
8772;Écorce de Brouture;20.3
25179;Groin de Porkzebuth;20.25
25178;Scalp de Bwariok;20.25
25177;Diadème de Belilith;20.25
25176;Spalière de Krâradia;20.25
15719;Griffe de Buboxor;20.25
15718;Œil de Harpille;20.25
15717;Corne de Méjaire;20.25
15716;Serre d'Ikargn;20.25
11280;Plaque d'acier;20.084
7511;Clef du labyrinthe du Dragon Cochon;20.068
33343;Kromakina Volkorne de Génération 3;20.012
16920;Sève d'Ébène;20.0
16466;Glotte;20.0
16386;Ginsengoku;20.0
2035;Chanvre Euphorique;20.0
10070;Tonneau en Bombu;19.95
8773;Écorce de Nerbe;19.827
16212;Substrat de Fourré;19.725
11228;Arête géante du Shamansot;19.654
33457;Gigantesque Potion de Mangeoire;19.607
16497;Planche à Pain;19.5
8775;Écorce de Chiendent;19.365
8142;Clef Secrète du Tofulailler Royal;19.23
11226;Huile de Mamansot;19.15
11246;Œil torve de Fricochère;19.079
33414;Minuscule Potion d'Abreuvoir;19.041
33345;Animakina Dragodinde de Génération 3;19.038
16919;Sève de Noisetier;19.0
1788;Raie de Farle;19.0
33452;Gigantesque Potion de Baffeur;18.982
15278;Clef de la Fabrique de Malléfisk;18.85
21513;Essence de Draegnerys;18.837
14661;Essence de Gourlo le Terrible;18.837
14660;Essence de Nelween;18.837
33353;Animakina Muldo de Génération 3;18.808
33346;Animakina Volkorne de Génération 3;18.808
31655;Squame du Graogarm;18.75
17112;Clef de l'Arbre de Moon;18.741
33455;Gigantesque Potion de Foudroyeur;18.709
8381;Queue Magique de Founoroshi;18.68
21271;Cheveux de Draegnerys;18.646
12075;Fiole de fumée de Nelween;18.646
8995;Étoffe de Gourlo le Terrible;18.646
11232;Plume du Mansot Royal;18.611
8777;Pistil du Tynril;18.611
8401;Écharpe de Hanshi;18.611
8400;Piques à cheveux de Shihan;18.611
19401;Langue de Hacharné;18.409
9571;Weischelcreme Torte;18.253
33410;Minuscule Potion de Baffeur;18.23
17978;Trident de Tryde;18.08
17113;Clef du Bateau du Chouque;18.038
7222;Artefact Pandawushu Eau;17.983
2654;Eau de Kwapa;17.983
20941;Pépite croquée;17.975
18357;Jus de Cacterre;17.975
7305;Poils magiques de Tanuki;17.975
7224;Artefact Pandawushu Roc;17.975
15448;Chouchou de Doublure;17.868
15447;Mèche de bombe de Terristocrate;17.868
15177;Corne de Kamasterisk;17.868
33342;Kromakina Dragodinde de Génération 3;17.858
11240;Dent de Smilomouth;17.828
11242;Défense du Sanglacier;17.828
33323;Kromakina Muldo de Génération 2;17.783
17975;Lanterne de Tourthon;17.609
33322;Kromakina Volkorne de Génération 2;17.503
2247;Plume de Tofu Royal;17.326
33325;Animakina Volkorne de Génération 2;17.276
16179;Clef de l'Antre de la Reine Nyée;17.275
28270;Brochette de Laikteur;17.207
33332;Animakina Muldo de Génération 2;17.151
12728;Ardonite;17.025
16918;Sève de Merisier;17.0
16453;Malt Husse;17.0
16384;Pandouille de Trois;17.0
1803;Chaton-Perche;17.0
11222;Bec du Timansot;16.973
19041;Clef du Chapiteau des Magik Riktus;16.955
31830;Viande de zarbivore juteuse;16.875
31754;Poils de zarbivore;16.875
31671;Langue d'Amphibouc;16.875
31670;Mâchoire de Gropotam;16.875
31669;Groin de Brutapir;16.875
31668;Oreille de Lapilope;16.875
31667;Lampe de Gyrafor;16.875
31630;Daguosseuse de Domptueuse;16.875
31629;Bandeau d'Ébourifauve;16.875
31624;Os Divinatoire de Voracle;16.875
27401;Casque de Statulipe;16.875
27400;Poing de Coquelicogne;16.875
27399;Épine d'Armuguet;16.875
27398;Mousse de Caméliache;16.875
27397;Liane de Soldalia;16.875
26035;Épaule de Maléphisto;16.875
26034;Tentacule de Démoloch;16.875
26033;Corne de Typhomet;16.875
26032;Langue de Diabélial;16.875
26031;Mâchoire de Brutasmodan;16.875
22251;Linothorax;16.875
22250;Fragment d'armure;16.875
22249;Canine tranchante;16.875
22248;Sang coagulé;16.875
22247;Étoffe sanglante;16.875
22224;Manche de Fouet;16.875
22223;Boulet lesté;16.875
22218;Baguette Rythmique;16.875
22217;Capuche d'Armécréante;16.875
22216;Bois de pagaie usée;16.875
22212;Pétale de Gangredogue;16.875
22211;Tentacule de Tentaclaque;16.875
22210;Patte de Nheur'Gueule;16.875
22208;Peau pourrie de Dolid;16.875
22207;Langue de Pistilangue;16.875
22051;Œil de Dawaj;16.875
22050;Capuche de Skentu;16.875
22049;Côtes de Désosseur;16.875
22048;Langue de Krèvladal;16.875
22047;Épaulière de Ferrailleur;16.875
21212;Canine de Cronnibal;16.875
21211;Pagne d'Alashasss;16.875
21210;Poupée de Caïguille;16.875
21209;Bandeau de Voapah;16.875
21208;Langue de Kashkaille;16.875
20912;Diadème de Chocoligarque;16.875
20911;Toque de Cabosseur;16.875
20910;Chaudron de Températurge;16.875
20909;Peau de Torréfactueur;16.875
20908;Mèche de Pralicienne;16.875
19974;Dent de Vatenbière;16.875
19973;Jambière de Kasrok;16.875
19972;Poils de barbe de Barbélier;16.875
19971;Fronde de Boufbos;16.875
19970;Armure de Tanklume;16.875
19410;Bout d'Armure de Macrab;16.875
19409;Aquarakne de Crânonier;16.875
19408;Protection de Funespadon;16.875
19407;Pointe de Lance de Tournoyé;16.875
19406;Chair de Zombruth;16.875
19403;Œil de Halbardent;16.875
19402;Grenade de Moribombe;16.875
19400;Vertèbre de Trépavois;16.875
19399;Dent de Klémort;16.875
19236;Restes d'Esprigné;16.875
19235;Fragment d'Ectorche;16.875
19234;Cendres de Chause;16.875
19232;Pince de Crâme;16.875
19231;Œil de Feutôme;16.875
19073;Nez de Pipisteuse;16.875
19072;Poils de Goultime;16.875
19071;Œil de Gouligane;16.875
19069;Ongle de Goulafre;16.875
18541;Oreille de Griffotep;16.875
18540;Paupière Dorée de Rykaon;16.875
18539;Grenat de Momistik;16.875
18538;Dent de Bandleth;16.875
18537;Fragment de Chakanoubis;16.875
17990;Dent de Tilamproie;16.875
17987;Flûte de Klûtiste;16.875
17986;Œil de Shokkoth;16.875
17985;Patte de Li-Fo;16.875
17984;Tentacule de N'Yalg;16.875
17983;Tentacule de Grofond;16.875
17980;Épine de Diondin;16.875
17979;Moustache de Rilur;16.875
17977;Encre de Poulpée;16.875
17973;Queue de Mantaze;16.875
17972;Écaille de Gambaf;16.875
17971;Pince de Crabe Yoloniste;16.875
17970;Bave de Mol Usk;16.875
17625;Sceau du Roi Joueur;16.875
17624;Ceinture de la Dame;16.875
17623;Gilet du Valet;16.875
17622;Plume du Cavalier;16.875
17621;Pique du Soldat;16.875
15720;Plume de Brabuzar;16.875
15687;Coquille de Virustine;16.875
15686;Antenne de Bacterrib;16.875
15685;Patte de Tabacille;16.875
15684;Œil de Verminocule;16.875
15450;Crâne magique de Magouille;16.875
15449;Épaulière de Bourôliste;16.875
15446;Piège désamorcé de Mâchassin;16.875
15181;Boule en or de Piloztère;16.875
15180;Morceau de clef de Paspartou;16.875
15179;Dent de Lévitrof;16.875
15178;Sourcil de Barbétoal;16.875
14862;Barbe du Cyclophandre;16.875
14860;Cuir d'Eskoglyphe;16.875
14859;Sang de Harpo;16.875
14822;Pic de Pikoleur;16.875
14819;Carapace de Krabouilleur;16.875
14795;Pile Steamer;16.875
13988;Œil de Cycloïde;16.875
13986;Griffe de Strigide;16.875
13984;Plume de Granduk;16.875
13977;Volve de Mérulor;16.875
13975;Astragale de Mécanofoux;16.875
13973;Bec de Mansordide;16.875
13971;Maxillaire de Brikoglours;16.875
13949;Canine de Kanimate;16.875
13945;Bractée de Drosérâle;16.875
13943;Patte de Termystique;16.875
13941;Plume de Dodox;16.875
13939;Canine de Krakal;16.875
13937;Bave de Nessil;16.875
13933;Stapes de Frimar;16.875
13931;Incus de Verglasseur;16.875
13929;Sang de Karkanik;16.875
13927;Incisive de Stalak;16.875
13925;Sang de Ventrublion;16.875
13921;Cuir de Cuirboule;16.875
13919;Cuir d'Empaillé;16.875
13918;Cuir de Peunch;16.875
13915;Cuir de Grodruche;16.875
13913;Œil de Harrogant;16.875
17160;Viande Goûtue;16.825
33324;Animakina Dragodinde de Génération 2;16.776
8804;Braguette du Maître Zoth;16.482
11239;Gland de l'Écumouth;16.477
12744;Substrat de Bosquet;16.275
8808;Étoffe du Roissingue;16.215
33321;Kromakina Dragodinde de Génération 2;16.114
8806;Écusson du Sergent Zoth;16.056
7908;Clef de la Caverne du Koulosse;16.032
16917;Sève de Bambou;16.0
16464;Daurade Royale;16.0
31891;Patte de Kabombz perturbé;15.917
14662;Essence du Craqueleur Légendaire;15.728
8394;Méga Pierre du Craqueleur Légendaire;15.661
8802;Tibia du Guerrier Zoth;15.651
10831;Bananagrume;15.621
15070;Langue de Truchmuche;15.513
8805;Mouchoir de la Gamine Zoth;15.266
15072;Morpion de Truchideur;15.142
33446;Grande Potion de Mangeoire;15.036
17272;Orbe régénérant mineur;15.0
20939;Cœur du Croqueleur;15.0
18383;Picot d'El Piko;15.0
16916;Sève d'If;15.0
16526;Tête de Marteau en Jade;15.0
16462;Anguille Souroche;15.0
16452;Riz Cola;15.0
16383;Edelweiss Marguerite;15.0
15793;Gland de Fouduglen;15.0
15457;Cœur du Capitaine Ekarlatte;15.0
15065;Paire de boules de Haute Truche;15.0
7386;Testicules du Tanukouï San;15.0
2029;Seigle Résistant;15.0
8803;Rotule du Disciple Zoth;14.9
13709;Place de Concert de Diamantine;14.851
13708;Pense-bête de Rubise;14.851
13707;Shampooing au Kaliptus de Saphira;14.851
13706;Journal Intime d'Émeraude;14.851
15074;Glandes de Truchtine;14.779
16496;Planche de Gravure;14.625
33404;Gigantesque Philtre de Mangeoire;14.491
7035;Pyrute;14.475
15076;Bec de Truchon;14.424
7036;Rutile;14.4
396;Huile de Palme;14.373
14479;Cawotte Transgénique;14.327
14926;Masque du Vice;14.077
14925;Masque de la Vivacité;14.077
14924;Masque de la Violence;14.077
14923;Masque de la Vengeance;14.077
14922;Masque du Vide;14.077
16915;Sève d'Oliviolet;14.0
1799;Kralamoure Unique;14.0
11533;Œuf de Gobus;13.931
9935;Corde d'escalade;13.903
18421;Clef du Cimetière des mastodontes;13.87
15904;Carte de Fouduglen;13.846
11530;Pierre du Courtilieur;13.642
33399;Gigantesque Philtre de Baffeur;13.638
12150;Clef du Donjon de Nowel;13.541
16163;Œil de Branche Soignante;13.535
16162;Œil de Branche Invocatrice;13.535
33383;Philtre de Mangeoire;13.469
11696;Cagoule du Kanniboul Ebil;13.416
8398;Étoffe du Wa Wabbit;13.416
14774;Essence du Kanniboul Ebil;13.37
14659;Essence de la Gelée Royale;13.37
14657;Essence du Wa Wabbit;13.37
11135;Queue du Boufmouth légendaire;13.256
34207;Foudroyeur en Bambou;13.251
8800;Étoffe Zoth;13.235
17127;Bidoche Frelatée;13.208
2562;Slip de Troollaraj;13.096
2561;Bracelet de Force de Trooll;13.096
2560;Épaulière de Troolligark;13.096
1694;Laine du Trooll Furieux;13.096
7557;Clef du Domaine Ancestral;13.044
8675;Relique du Kimbo;13.0
8082;Étoffe du Fauchalak;12.878
8076;Boomerang du Maître Koalak;12.878
33382;Philtre d'Abreuvoir;12.817
16160;Mandibule d'Abrakne Irascible;12.781
17158;Viande Noire;12.774
14950;Langue de Kraméléhon;12.684
11121;Œil de Boufmouth de guerre;12.64
11525;Péroné du Marôdeur;12.27
8066;Poils de Barbe du Warko Violet;12.259
16495;Planche à Pâtisserie;12.225
27438;Élastique de barbe de Sanglirok;12.2
27437;Fronde de Boufronde;12.2
27436;Mèche de Serpyn;12.2
27435;Bave de Marthos;12.2
27434;Armure de Blindur;12.2
18733;Flèche de Crâmbo;12.2
18732;Os de Nemroz;12.2
18731;Bave de Brokouillon;12.2
18730;Queue de Chevrotine;12.2
18729;Sang de Viandargh;12.2
11945;Queue de Meliglours;12.2
11942;Antenne de Gloursaya;12.2
11939;Incisive de Glourmand;12.2
11938;Cuir de Glouragan;12.2
11936;Poils de Boulglours;12.2
11527;Peau d'Ouilleur;12.139
15727;Pixel de Fraktale;12.016
11221;Laine du Royalmouth;12.016
8405;Poil de Skeunk;12.016
1538;Métaria Mage jaune;12.011
14952;Pierre de Serpiplume;12.003
16914;Sève d'Érable;12.0
16382;Orchidée de Génie;12.0
2026;Lin Tempête;12.0
1849;Brochet Tupe-Halett;12.0
16158;Arakne Irascible Écrasée;11.983
12447;Fumée Vénérable;11.971
12443;Flaque Vénérable;11.971
12439;Cendres Vénérables;11.971
12435;Poudre Vénérable;11.971
12431;Boue Vénérable;11.971
16156;Ambre d'Abraknyde Sombre Irascible;11.918
11118;Clavicule de Boufmouth;11.901
11521;Œil de Sapeur;11.879
11920;Oreille de Fleuro;11.75
14658;Essence du Blop Royal;11.714
8056;Fémur de Koalak Farouche;11.667
9387;Fleur de Blop Reinette Royal;11.648
9386;Fleur de Blop Indigo Royal;11.648
9385;Fleur de Blop Coco Royal;11.648
9384;Fleur de Blop Griotte Royal;11.648
6488;Racine du Chêne Mou;11.552
6458;Kobalite;11.1
8064;Boomerang du Koalak Sanguin;11.099
8571;Poil de Rat Brâkmarien;11.049
16913;Sève de Bombu;11.0
1807;Sardine Sombre;11.0
11934;Oreille d'Apériglours;10.967
11930;Omoplate de Blérom;10.967
11927;Molaire de Blérice;10.967
11926;Oreille de Croleur;10.967
11923;Griffe de Blérauve;10.967
11921;Queue de Wolvero;10.967
11519;Oreille de Gobosteur;10.967
8343;Clef de l'Épreuve de Draegnerys;10.961
11120;Cuir de Bouftonmouth;10.943
33394;Grand Philtre de Mangeoire;10.829
8485;Crinière de Rat Noir;10.678
31832;Antennes de Kabombz;10.658
15455;Venin d'Éperfide;10.613
15454;Pince de Lucrane;10.613
8810;Tourbe séchée de Tourbassingue;10.554
8001;Bandelette du Guerrier Koalak;10.554
34205;Baffeur en Bambou;10.513
16420;Potion de Glandage;10.35
9254;Clef de l'antre du Blop Multicolore;10.35
13333;Clef du Potager d'Halouine;10.341
2999;Peau de Minos;10.315
7291;Nectar de l'Orient;10.061
23311;Artefact Pandawushu Bois;10.059
33435;Potion d'Abreuvoir;10.041
8765;Bâton du Kilibriss;10.032
23825;Pichon d'encre;10.0
23824;Tulipe en papier;10.0
17995;Écume de mer;10.0
17994;Patelle;10.0
17993;Quisnoa;10.0
17992;Salikrone;10.0
17991;Bois d'Aquajou;10.0
16912;Sève de Chêne;10.0
16381;Menthe Religieuse;10.0
8674;Relique du Tynril;10.0
2021;Houblon Brillant;10.0
1796;Carpette des sables;10.0
1537;Métaria Mage verte;9.958
1536;Métaria Mage bleue;9.958
1535;Métaria Mage rouge;9.958
12073;Clef du Laboratoire de Brumen Tinctorias;9.889
8769;Coco du Bitouf des Plaines;9.779
8358;Croc de Dragoeuf Protecteur;9.777
33370;Petit Philtre de Dragofesse;9.692
17156;Viande Gâtée;9.676
15456;Dard de Morfrelon;9.676
15452;Patte de Scoliopode;9.676
2058;Cœur de Brandon;9.674
13746;Boulon de Cybwork;9.571
12449;Œil de Krokille;9.57
8736;Cœur de pierre poli;9.531
33369;Petit Philtre de Caresseur;9.525
8801;Étoffe de Ouassingue;9.436
7927;Clef des Pitons Rocheux des Craqueleurs;9.42
27372;Essence de Rakoopeur;9.375
14720;Essence du Kwakwa;9.375
14655;Essence du Corailleur Magistral;9.375
14654;Essence de la Shin Larve;9.375
12015;Bec du Kwakwa;9.328
8731;Corail Magistral;9.328
8386;Dent de Shin Larve;9.328
11332;Tuf de Mofette;9.289
8811;Faux menton du Bourbassingue;9.289
8741;Bec du Kido;9.289
15725;Barbe de Seith;9.284
15724;Pagne de Trantroa;9.284
15723;Peau de Vindeux;9.284
15722;Dent de Trezz;9.284
17614;Glande du Pounicheur;9.265
9279;Bave de Champ à Gnons;9.258
9278;Lamelle de Champbis;9.258
9277;Œil de Champmane;9.258
9269;Langue de Champodonte;9.258
9267;Trompe de la Tromperelle;9.258
2059;Corbac Mort;9.217
13744;Bandeau troué d'Air;9.154
13742;Bandeau troué d'Eau;9.154
13740;Bandeau troué de Terre;9.154
13738;Bandeau troué de Feu;9.154
6457;Kriptonite;9.15
13736;Furoncle de la Mama Bwork;9.052
8753;Crinière fleurie;9.052
13723;Œuf de Tofubine;9.03
2493;Cœur de Buveur;9.011
1670;Plume Pointue de Renarbo;9.011
1754;Poisson Igloo;9.0
33371;Petit Philtre de Foudroyeur;8.979
8570;Poil de Rat Bontarien;8.962
34208;Mangeoire en Bambou;8.872
13720;Braise de Tofutoflamme;8.856
8328;Corne de Mominotor;8.856
8327;Corne de Déminoboule;8.856
33368;Petit Philtre de Baffeur;8.853
8737;Boule polie;8.819
14951;Corne de Scaratos;8.809
13721;Croupion de Tofuzmo;8.809
16494;Planche de Toilette;8.775
33379;Philtre de Caresseur;8.76
9263;Écorce de Champaknyde;8.747
11893;Lamelle de Mérulette;8.647
11891;Écorce d'Abrazif;8.647
11890;Volve de Fongeur;8.647
11888;Volve de Fistulor;8.647
11885;Lamelle de Dramanite;8.647
465;Cristal;8.543
1461;Poison cinglant;8.363
14652;Essence de la Bworkette;8.333
8389;Poil de Bworkette;8.315
17780;Fleur de Korriandre;8.225
17154;Viande Maigre;8.19
12970;Paquet Cadeau du Minotoboule de Nowel;8.189
9389;Feuille de Blop Multicolore Royal;8.187
8367;Peau de Crocabulia;8.187
840;Poils du Minotoror;8.187
18563;Langue de Morsquale;8.167
17125;Bidoche Faisandée;8.123
14465;Clef du Terrier du Wa Wabbit;8.117
8324;Cuir de Capsaaloocke;8.056
14515;Corne de Rhinoféroce;8.043
8396;Mojo de Mergranlou;8.043
8351;Coquille de Dragoss Argile;8.043
8349;Coquille de Dragoss Ardoise;8.043
8348;Coquille de Dragoss Charbon;8.043
8346;Corne de Dragoss Calcaire;8.043
8345;Corne de Dragoss Protéiforme;8.043
2805;Testicules Magiques de Muloubard;8.043
2575;Scalp de Mulounoké;8.043
292;Testicules de Cocholou;8.043
9941;Nacre;8.037
14653;Essence des Forgerons;8.036
13717;Houpette de Vilain Petit Tofu;8.019
34206;Abreuvoir en Bambou;7.994
2581;Dents de Mulou;7.867
14513;Échasse de Molette;7.833
466;Saphir;7.83
8971;Clef de l'Arche d'Otomaï;7.767
31527;Cartilage de Quadrabz;7.737
31526;Crâne de Kamikabz;7.737
31525;Jus de Toubibz;7.737
31524;Viscères de Balebz;7.737
18566;Pic de Pikténia;7.737
18565;Peau de Trémorse;7.737
18564;Patte de Masticroc;7.737
18562;Dent de Cycloporth;7.737
15726;Touffe de cheveux de Soissanth;7.737
7411;Masque brisé;7.737
7410;Lanterne usée;7.737
7408;Kapokaza;7.737
7403;Œil de Madura;7.737
7381;Kaokurimono;7.737
14651;Essence du Chafer Rōnin;7.73
13167;Plume du Rasboul Majeur;7.721
33420;Petite Potion de Baffeur;7.708
2543;Substrat de Fascine;7.65
14511;Élastique de Gobvious;7.627
8086;Coiffe déchiquetée de Drakoalak;7.627
8807;Jus de Ouassingue;7.622
11798;Clef du Village Kanniboul;7.586
1532;Métaria Triame verte;7.507
1531;Métaria Triame bleue;7.507
651;Étoffe du Mulou;7.497
14509;Oreille de Bouledogre;7.426
1534;Métaria Triame jaune;7.411
1533;Métaria Triame rouge;7.411
33361;Minuscule Philtre d'Abreuvoir;7.339
8486;Crinière de Rat Blanc;7.326
33362;Minuscule Philtre de Mangeoire;7.301
21268;Dent du Kharnozor;7.292
15164;Broderie de Malléfisk;7.292
14518;Chaussette trouée de Dramak;7.292
14265;Écaille de Grasmera;7.292
13335;Rouflaquettes d'Halouine;7.292
13165;Duvet du Maître Corbac;7.256
33359;Minuscule Philtre de Dragofesse;7.219
11327;Cœur de Crapeur;7.188
16419;Potion des Ancêtres;7.05
7023;Pierre d'Aigue-Marine;7.0
16911;Sève de Noyer;7.0
16380;Trèfle Agare;7.0
2036;Avoine Aurifère;7.0
1762;Poisson-Tigre;7.0
1686;Teinture Magique de Rougeur;6.898
11949;Incisive de Kami Givrefoux;6.868
11880;Malléole de Yomi Givrefoux;6.868
11339;Laine de Yokaï Givrefoux;6.868
11338;Laine de Maho Givrefoux;6.868
11336;Oreille de Soryo Givrefoux;6.868
11331;Pierre de Mofette;6.765
8065;Poils de barbe de dragodinde;6.744
33357;Minuscule Philtre de Baffeur;6.737
10284;Viscères de Tanuki;6.719
16211;Bourgeon explosif de Damadrya;6.702
13343;Nœud de Marin;6.677
750;Kouartz;6.6
26804;Essence du Directeur Grunob;6.563
33413;Minuscule Potion de Foudroyeur;6.549
1018;Kole;6.546
7510;Deuxième partie de la clef du labyrinthe du Dragon Cochon;6.53
20918;Clef de la Fonderie des Waddicts;6.522
33411;Minuscule Potion de Caresseur;6.458
11329;Pierre de Fumrirolle;6.389
11323;Pierre d'Atomystique;6.389
10064;Teinture Magique Ténébreuse;6.353
14263;Écaille de Grozilla;6.25
10970;Sueur de dragodinde;6.212
16155;Toile d'Abrakne Sombre;6.208
9981;Farine Humée;6.184
16285;Essence de Kankreblath;6.176
14649;Essence de Batofu;6.176
16215;Glande d'Arak-haï;6.169
6740;Peau de Tivelo;6.13
6739;Peau de Roukouto;6.13
3209;Scalp de Bizarbwork;6.13
2566;Tranche Magique de Krambwork;6.13
2281;Tissu de Graboule;6.13
2271;Cuir Violet de Mégabwork;6.13
1676;Osier Enchanté;6.13
1671;Avoine Magique;6.13
17152;Viande Fraîche;6.085
33373;Petit Philtre de Mangeoire;6.038
8673;Relique du Rasboul Majeur;6.0
1759;Crabe Sourimi Exotique;6.0
16493;Planche à Repasser;6.0
11252;Patte de Rat Bougri;5.98
17619;Dent de Chakaroze;5.932
17618;Oreille de Chargus;5.932
17617;Collier de Chakichan;5.932
17616;Poil de Chacrebleu;5.932
17615;Queue de Chasquatch;5.932
7407;Croissant de Tsukinochi;5.932
7406;Épaulière de Kabushido;5.932
7405;Plastron de Tambouraï;5.932
7404;Os de Jiangshi-Nobi;5.932
7379;Fleur d'Onabu-Geisha;5.932
8797;Souche de l'Abrakleur clair;5.913
17060;Potion de Vieillesse;5.85
13341;Patte de la Gardienne des Égouts;5.839
11251;Sternum de Chachachovage;5.826
467;Rubis;5.767
8832;Bave du Kaskargo;5.766
27374;Clef du Refuge sylvestre;5.762
8477;Deuxième clef du Donjon de Sphincter;5.75
8476;Première clef du Donjon de Sphincter;5.75
9999;Copie de la clef du repaire des bandits;5.742
21689;Peinture Noire;5.709
21687;Peinture Violette;5.709
21686;Peinture Verte;5.709
21685;Peinture Orange;5.709
21684;Peinture Bleue;5.709
21683;Peinture Rouge;5.709
21682;Peinture Jaune;5.709
11814;Moustache de Boostache;5.694
8137;Viscères du Scarabosse Doré;5.694
11256;Bec de Gélikan;5.679
14650;Essence de Boostache;5.676
14648;Essence du Scarabosse Doré;5.676
15043;Cheveux d'Alhyène;5.645
15041;Tignasse de Kanihilan;5.645
33372;Petit Philtre d'Abreuvoir;5.591
15051;Crinière d'Orfélin;5.574
15049;Oreille de Kaniblou;5.574
31620;Jus de poisson;5.55
16153;Arakne Écrabouillée;5.54
11255;Œil de Crabe Hijacob;5.54
16180;Soie Baveuse;5.513
2621;Barbe du Chouque;5.513
1691;Faux Visage de Choudini;5.513
316;Émeraude;5.511
15047;Chaîne de Panthègros;5.504
15045;Griffe de Félygiène;5.504
8403;Tresse du Koulosse;5.469
8383;Peau de Moon;5.469
2645;Groin de Dragon Cochon;5.469
2577;Scalp du Meulou;5.469
2540;Substrat de Futaie;5.4
8788;Croupion du Bitouf aérien;5.365
18742;Breuvage Musculaire;5.359
1687;Teinture Magique Verdâtre;5.247
16151;Écorce d'Abraknyde Vénérable;5.227
11325;Résidu de Solfataré;5.227
8787;Cloaque du Poolay;5.227
18366;Sable Fin;5.14
847;Œuf de Dragoeuf Calcaire;5.14
1682;Écorce de Liroye Merline;5.112
749;Bakélélite;5.1
479;Ivoire;5.091
14473;Boulon Wabbit;5.074
16910;Sève de Châtaignier;5.0
16379;Sauge Divine au Rhum;5.0
2032;Orge en Sucre;5.0
1846;Truite Ancestrale;5.0
8790;Rembourrage de Meupette;4.935
17150;Viande de Brousse;4.912
12375;Fragment du Gorgouille;4.861
12017;Clef du Nid du Kwakwa;4.815
26321;Corne de Malbois;4.792
26320;Porte-bonheur de Malalfa;4.792
26319;Pic de Malépik;4.792
26318;Bolas de Maltrio;4.792
26317;Pousse de Malzerb;4.792
15175;Queue de Mère Veilleuse;4.792
15174;Œil de Phozami;4.792
15173;Corne de Père Phorreur;4.792
15172;Peau de Métaphorreur;4.792
15171;Griffe de Phorrêveur;4.792
33401;Gigantesque Philtre de Dragofesse;4.788
11319;Étoffe de Vigie Pirate;4.786
8917;Clef de la Grotte Hesque;4.706
17129;Bidoche Minérale;4.654
1569;Clef du Donjon des Forgerons;4.635
23592;Pierre de Sélénite;4.6
7025;Pierre d'Agathe;4.58
1894;Poil de Gliglitch;4.545
397;Huile de Koode;4.38
33360;Minuscule Philtre de Foudroyeur;4.376
2516;Défense de Gliglicérin;4.363
2513;Étoffe de Gliglidoudur;4.363
2511;Cuir de Gliglibido;4.363
8496;Racine d'Abraknyde Ancestral;4.343
8075;Boomerang du Dok Alako;4.318
8135;Clef du Donjon des Bworks;4.312
33391;Grand Philtre de Dragofesse;4.263
18371;Carapace du Mantiscore;4.207
14468;Barbe du Wa Wobot;4.207
11318;Écaille de Harpirate;4.188
11315;Mât de Fantômat;4.188
11314;Coquille de Fantimonier;4.188
11312;Queue de Fantomalamère;4.188
11309;Pince du Fancrôme;4.188
14645;Essence du Tournesol Affamé;4.154
846;Œuf de Dragoeuf Charbon;4.127
845;Œuf de Dragoeuf Argile;4.127
844;Œuf de Dragoeuf Ardoise;4.127
965;Pierre de Dopeul;4.113
963;Morceau de clef du Soiw Woulant;4.1
962;Morceau de clef du Midi Wayonnant;4.1
961;Morceau de clef du Matin Pewlant;4.1
33402;Gigantesque Philtre de Foudroyeur;4.097
13493;Queue de Rat du Gang;4.045
33403;Gigantesque Philtre d'Abreuvoir;4.017
20452;Andésite;4.0
1786;Greuvette Horreur;4.0
880;Laine de Bouftou Royal;3.977
12745;Substrat de Bocage;3.9
1570;Clef du Donjon des Squelettes;3.89
17148;Viande Macérée;3.794
6738;Crâne de Chef Crocodaille;3.779
16492;Planche de Surf;3.75
748;Magnésite;3.75
2552;Œil de Kanigrou;3.74
8761;Poudre explosive;3.732
21256;Griffe de Dragoeuf Albâtre;3.729
26680;Clef de l'Akadémie des Gobs;3.724
13497;Ruban d'Uchiwang;3.722
8347;Lame brisée de Lichangoro;3.722
7343;Bracelet de Ino-Naru;3.722
7301;Étoffe de Kurookin;3.722
7300;Tête de lance de Fangshu;3.722
7299;Peau de Crachefoux;3.722
7298;Peau de Rouquette;3.722
7294;Poils de Pétartifoux;3.722
7293;Poils de Founamboul;3.722
7292;Poils de Boumbardier;3.722
14647;Essence du Bouftou Royal;3.717
8785;Graine de l'Abrakleur sombre;3.706
12434;Poudre Mature;3.665
16213;Œil de Rat du Gang;3.655
8783;Amygdales du Bitouf Sombre;3.653
9248;Clef du Clos des Blops;3.628
15688;Peau de Pataugerme;3.616
8778;Étamine de Floribonde;3.601
390;Huile de Noix;3.449
11230;Queue du Fu Mansot;3.447
8139;Clef du Donjon des Scarafeuilles;3.433
8781;Calice de Fécorce;3.418
2550;Étoffe de Foufayteur;3.391
2179;Dent de dragodinde;3.372
8779;Carpelle de Brouture;3.368
15991;Clef de la Cache de Kankreblath;3.367
7918;Clef du Donjon des Tofus;3.367
2500;Kolérat Mort;3.354
2320;Collier Cassé de Macien;3.354
2295;Fragment d'Épée Reptilienne;3.354
2056;Œil de Crowneille;3.354
424;Fibre criminelle;3.354
11248;Oreille de Kaniglou;3.346
11229;Poil de barbe du Shamansot;3.319
8780;Sépale de Nerbe;3.319
15459;Sacoche de Kartouche;3.283
2488;Viscères de Scorbute;3.281
8782;Bractée de Chiendent;3.271
2251;Méga Pierre du Craqueleur;3.263
13503;Calumet Zoth;3.222
11247;Oreille percée du Fricochère;3.222
11227;Duvet de Mamansot;3.201
33393;Grand Philtre d'Abreuvoir;3.192
33392;Grand Philtre de Foudroyeur;3.192
33390;Grand Philtre de Caresseur;3.192
33389;Grand Philtre de Baffeur;3.192
18741;Coffre de Pièges à Chasseur;3.191
315;Diamant;3.176
8754;Barbe inexistante du Barbroussa;3.174
2505;Baballe;3.174
21264;Étoffe de Draegnerys;3.14
12076;Duvet de Nelween;3.14
8758;Morceau de caleçon de Gourlo;3.14
8739;Humérus du Sparo;3.069
17146;Viande Persillée;3.005
16909;Sève de Frêne;3.0
16378;Ortie Roïde;3.0
8672;Relique de Gourlo le Terrible;3.0
2018;Blé d'Or;3.0
1790;Goujon Kiye;3.0
20945;Bec de Kwakao;3.0
20944;Enrobage de Chocoskargo;3.0
20943;Pelage chocolaté;3.0
20942;Estomac de Mansocolat;3.0
20940;Oreille de Kakoalak;3.0
18363;String de Pampactus;3.0
18362;Moustaches de Cactoblongo;3.0
18361;Fleur de Cactiflore;3.0
18359;Parchemin de Cactana;3.0
18358;Maraca de Lévito;3.0
15462;Slip d'Elsoummo;3.0
15461;Bandelette de Tromblion;3.0
15460;Os de Sramouraï;3.0
15458;Foulard de Milimaître;3.0
11243;Cuir du Sanglacier;3.0
11241;Poils de Smilomouth;3.0
8344;Akaslip d'Akakwa;3.0
7308;Salopette Kwapa;3.0
7278;Poing rocheux d'Ishigro Pake;3.0
7277;Lunettes de Parashukouï;3.0
7276;Baguette de Tétonuki;3.0
7275;Masque de Shinibaru;3.0
7274;Katana de Kwamouraï;3.0
7259;Poterie cassée de Lolojiki;3.0
7017;Sarbacane en Bambou;3.0
2287;Concombre;3.0
11225;Peau de Mansobèse;2.987
12446;Fumée Mature;2.986
12442;Flaque Mature;2.986
12438;Cendres Matures;2.986
12430;Boue Mature;2.986
8755;Touffe rousse du Flib;2.967
1689;Teinture Magique Orange;2.948
6480;Osier Sombre;2.938
13733;Boulier Zoth;2.924
2306;Cœur de Craqueleur;2.896
33530;Griffe de volkorne;2.887
33525;Bave de muldo;2.887
11799;Clef de la Maison Fantôme;2.887
15731;Pixel d'Éklatleth;2.884
15730;Pixel de Brikablak;2.884
15729;Pixel de Farfacette;2.884
15728;Pixel de Gromorso;2.884
2539;Substrat de Buisson;2.85
33380;Philtre de Dragofesse;2.845
2504;Langue de Craquelope;2.817
11223;Plume du Timansot;2.801
7904;Fleur de Kaliptus;2.765
11238;Queue d'Écumouth;2.719
14282;Boules de Kanniboul;2.683
1679;Pierre de Crystaloboule;2.662
15067;Patte de Gruche;2.652
14279;Pierre Précieuse Zoth;2.652
1688;Teinture Magique Bleutée;2.648
8482;Peau de Rat;2.646
6885;Jeton du Bworker;2.625
8102;Pierre du Craqueleur Légendaire;2.621
15069;Croupion de Truchmuche;2.611
13499;Jouet de Gamine Zoth;2.487
15071;Plume de Truchideur;2.483
23693;Huile de Pichon;2.475
2252;Dent en Or de Craqueleur;2.448
13504;Corne de Gamino;2.446
2483;Bidule inutile;2.444
15073;Œil de Truchtine;2.444
2507;Peau de Larve Champêtre;2.43
480;Minerai Étrange;2.418
2506;Grelot;2.405
15075;Duvet de Truchon;2.404
15732;Pixel de Segmantid;2.403
14478;Œil de Wabbit Céphale;2.403
14477;Dents de Wabbit Vampire;2.403
14476;Oreilles de Wabbit Fluo;2.403
14475;Feuille de Cawotman;2.403
14474;Sang de Wabbit Garou;2.403
2479;Fléau de Robot Fléau;2.392
419;Oreille du Grand Pa Wabbit;2.392
2555;Courroie en cuir;2.38
2508;Venin de Serpentin;2.38
649;Poils de Wo Wabbit;2.38
17144;Viande Saignante;2.378
546;Pierre de Saphir;2.376
650;Duvet de Bourdard;2.367
33381;Philtre de Foudroyeur;2.358
14646;Essence de Mob l'Éponge;2.348
3000;Casque cassé de Bwork;2.344
8391;Peau de Don Dorgan;2.333
1463;Fiole à élément;2.32
13705;Boomerang Abîmé de Diamantine;2.304
13704;Touffe de Poils de Rubise;2.304
13703;Épingle à Cheveux de Saphira;2.304
13702;Dédicace de Skeunk pour Émeraude;2.304
33351;Gigantesque Extrait d'Abreuvoir;2.296
1568;Clef de la Cour du Bouftou Royal;2.254
18209;Gratrooll;2.251
18198;Gâtrool;2.251
8322;Poil de Troolléolé;2.251
16491;Planche à Griller;2.25
746;Ébonite;2.25
23480;Huile de Riz;2.25
13338;Enfumoir Zoth;2.249
16161;Doigt de Branche Invocatrice;2.246
13529;Feuille de Branche Soignante;2.246
20820;Pompon Brunâtre;2.236
7509;Première partie de la clef du labyrinthe du Dragon Cochon;2.235
1692;Teinture Magique Sombre;2.235
20815;Éclat du Mawabouaino;2.228
11695;Carniflore;2.228
8397;Poil du Wa Wabbit;2.228
2437;Gelée Citron Royale;2.228
2242;Gelée Fraise Royale;2.228
2241;Gelée Menthe Royale;2.228
370;Gelée Bleuet Royale;2.228
2559;Crinière de Troollaraj;2.214
14467;Osselet de Black Wabbit Squelette;2.212
33352;Gigantesque Extrait de Mangeoire;2.179
13495;Crâne d'Aventurier;2.177
8052;Peau de Maître Koalak;2.177
11136;Laine de Boufmouth légendaire;2.174
8392;Peau de Don Duss Ang;2.154
33378;Philtre de Baffeur;2.153
16159;Patte d'Abrakne Irascible;2.121
11122;Corne de Boufmouth de guerre;2.104
464;Ambre d'Abraknyde;2.081
14463;Crâne de Wabbit Squelette;2.054
13700;Couche usagée de Warko Violet;2.038
8058;Cubitus de Momie Koalak;2.038
14458;Queue de Black Wabbit;2.033
31748;Bézoard dense;2.025
31747;Front osseux souple;2.025
17713;Jeton du Chazino du Grand Jeu;2.025
7024;Pierre de Topaze;2.004
8671;Relique du Corailleur Magistral;2.0
16157;Masque Cassé d'Araknotron Irascible;2.0
8309;Plume du Serpiplume;1.985
13596;Peau de Larve Dorée;1.978
13528;Bourgeon d'Abraknyde Sombre Irascible;1.977
11117;Laine de Boufmouth;1.976
13699;Foulard de Koalak Farouche;1.969
9388;Feuille de Blop Royal;1.952
27362;Pom de Pin;1.922
25762;Oreille de Rat Plapla;1.919
25760;Vieux Bouquin de Rat Li;1.919
25757;Tuyau Rouillé de Rate Iboisée;1.919
25756;Crâne magique de Rate Atinée;1.919
1529;Métaria verte;1.903
1528;Métaria jaune;1.903
1527;Métaria bleue;1.903
1526;Métaria rouge;1.903
8053;Peau de Chevaucheur Koalak;1.901
2619;Lait de Tortue;1.866
997;Noix de Kokoko;1.866
17613;Épine de Grath;1.853
17612;Peau de Gériatique;1.853
17611;Palpe de Pikbul;1.853
17610;Œil de Morcac;1.853
17609;Patte de Pupuce;1.853
7290;Tige de Bambouto;1.853
7272;Pistil de Floristile;1.853
7271;Épine de Bulbuisson;1.853
7270;Langue de Grenufar;1.853
7269;Pollen de Bulbiflore;1.853
17142;Viande Séchée;1.846
13698;Houpette de Koalak Sanguin;1.843
13595;Peau de Larve Rubis;1.831
11119;Oreille de Bouftonmouth;1.812
2646;Slip en cuir de Cochon de Lait;1.804
18348;Flûte de Mastodonte;1.8
8437;Clef du Château Ensablé;1.78
13732;Vieille Ventouse de Kralamoure;1.778
13697;Poils de Guerrier Koalak;1.778
8057;Tibia de Koalak Fossoyeur;1.778
2300;Fragment d'Os;1.766
8311;Poil de Gamino;1.764
654;Étoffe du Wabbit;1.761
16000;Kamiam;1.75
2664;Os de Crocodaille;1.744
545;Pierre de Cristal;1.743
9252;Morceau de clef Indigo;1.725
9251;Morceau de clef Coco;1.725
9250;Morceau de clef Reinette;1.725
9249;Morceau de clef Griotte;1.725
8390;Peau de Cochon de Farle;1.708
13594;Peau de Larve Émeraude;1.693
547;Pierre de Rubis;1.689
2558;Blop mort;1.685
33340;Grand Extrait d'Abreuvoir;1.671
33339;Grand Extrait de Foudroyeur;1.671
8756;Duvet du Kilibriss;1.664
8315;Peau de Mandrine;1.664
8312;Peau de Minoskito;1.664
7652;Potion de Souvenir;1.65
8363;Corne de Dragmatique;1.637
8362;Peau de Dragnarok;1.637
8361;Corne de Dragacé;1.637
8360;Peau de Draguaindrop;1.637
8356;Peau de Dragueuse;1.637
1663;Écaille de Crocodaille;1.635
9940;Nacre brute;1.63
33337;Grand Extrait de Caresseur;1.63
16149;Œil d'Abrakne;1.627
8681;Peau de Raul Mops;1.627
6479;Ours Déchiqueté;1.627
6478;Makroute Déchiqueté;1.627
2554;Côtes de Porkass;1.627
2480;Slip en cuir de Porkass;1.627
2303;Carapace vide de Crabe;1.627
2302;Langue d'Étoile;1.627
2282;Touffe de Cheveux Blancs;1.627
2277;Linceul;1.627
792;Muqueuse de Moumoule;1.627
646;Poils de Black Tiwabbit;1.627
433;Fémur du Chafer Archer;1.627
408;Dentier du Chafer d'Élite;1.627
33338;Grand Extrait de Dragofesse;1.621
8762;Fragment de cerveau poli;1.604
6736;Bourgeon de Fourbasse;1.591
2632;Glouto Rhum;1.591
13724;Patte de Tofu Dodu;1.585
17037;Essence de Kardorim;1.579
13593;Peau de Larve Saphir;1.563
360;Oreilles du Tiwabbit;1.563
27368;La cambriole pour les Nuls;1.563
12016;Plume du Kwakwa;1.563
8738;Sacrum magistral;1.563
8385;Peau de Shin Larve;1.563
305;Dent de Wabbit;1.56
33336;Grand Extrait de Baffeur;1.544
33341;Grand Extrait de Mangeoire;1.536
2060;Patte de Corbac;1.531
13498;Dent de Bourbassingue;1.529
8766;Plume de fesse du Kido;1.529
8729;Corail usé;1.515
2652;Ver d'Air;1.515
2651;Ver de Feu;1.515
2650;Ver d'Eau;1.515
2649;Ver de Terre;1.515
13722;Plume de Tofubine;1.508
14461;Langue de Tiwabbit Kiafin;1.5
2653;Arakne Majeure Morte;1.5
2512;Queue de Sanglier des Plaines;1.5
8763;Moustache du Mufafah;1.5
8250;Poil de Renarbo;1.497
13718;Cendres de Tofutoflamme;1.483
8326;Bandelette du Mominotor;1.483
8323;Cuir de Déminoboule;1.483
410;Livre du Bwork Mage;1.48
25767;Collier de Chak Rat;1.477
25761;Ouvrage magique d'Aloevée Rate;1.477
25759;Lance de Chika Rat;1.477
25758;Lance-Pierre de Scélée Rate;1.477
8252;Plume de Corbac Apprivoisé;1.47
8249;Plume de Buveur;1.47
13719;Plumeau de Tofuzmo;1.467
8308;Carapace de Scaratos;1.467
2266;Lait de Cochon de Lait;1.461
15169;Moustache précieuse;1.458
15168;Corne de Berserkoffre;1.458
15167;Antenne de Trésantène;1.458
15166;Langue de Mimikado;1.458
15165;Corde de Boursoin;1.458
8748;Pétale Morito;1.454
8747;Pétale Passaoh;1.454
8746;Pétale Malibout;1.454
8745;Pétale Kouraçao;1.454
2280;Paille Vampiresque;1.454
276;Pièce du Trésor du Badoul;1.454
274;Pièce du Puzzle de la Griffe;1.454
9952;Pierre de souillure verte impure;1.452
9951;Pierre de souillure jaune impure;1.448
13490;Bave de Ouassingue;1.443
17140;Viande Exsudative;1.422
8143;Clef des Champs;1.406
1684;Sac à Patates Sombre;1.401
1683;Sac à Patates Clair;1.401
9950;Pierre de souillure bleue impure;1.401
8744;Pince de Crustorail;1.398
8388;Peau de Bworkette;1.389
2268;Scalp de Bwork Archer;1.382
14516;Oreille de Rhinoféroce;1.349
8355;Écaille de Dragoss Argile;1.349
8354;Écaille de Dragoss Calcaire;1.349
8353;Écaille de Dragoss Ardoise;1.349
8352;Écaille de Dragoss Charbon;1.349
8350;Coquille de Dragoss Protéiforme;1.349
2578;Œil de Cocholou;1.349
440;Griffe de Muloubard;1.349
439;Canine de Mergranlou;1.349
291;Poils de Mulounoké;1.349
13492;Short de Capoei Rat;1.34
13340;Pustule de Rat Sio;1.34
8321;Poil de Capsaaloocke;1.34
12448;Jaune d'Œuf de Krokille;1.339
13140;Serrure du Coffre des Forgerons;1.339
13716;Bec de Vilain Petit Tofu;1.331
14514;Dent de Molette;1.323
17714;Jeton du Chazino des Matougarous;1.305
8055;Os de Mama Koalak;1.297
13096;Fémur du Chafer Rōnin;1.288
33358;Minuscule Philtre de Caresseur;1.268
14512;Plume de Gobvious;1.262
8054;Peau de Drakoalak;1.262
33320;Petit Extrait de Mangeoire;1.258
14510;Patte de Bouledogre;1.236
2564;Sourcils de Tronknyde;1.226
14514;Dent de Molette;1.323
17714;Jeton du Chazino des Matougarous;1.305
8055;Os de Mama Koalak;1.297
13096;Fémur du Chafer Rōnin;1.288
33358;Minuscule Philtre de Caresseur;1.268
14512;Plume de Gobvious;1.262
8054;Peau de Drakoalak;1.262
33320;Petit Extrait de Mangeoire;1.258
14510;Patte de Bouledogre;1.236
2564;Sourcils de Tronknyde;1.226
11497;Huile de Frostiz;1.215
33330;Extrait d'Abreuvoir;1.212
19643;Corps de Quintaine;1.2
16490;Planche Contreplaquée;1.2
747;Aluminite;1.2
399;Huile de Sésame;1.199
2294;Viscères de Scarafeuille;1.198
33319;Petit Extrait d'Abreuvoir;1.189
27413;Eau Ferrugineuse;1.151
33328;Extrait de Dragofesse;1.122
438;Queue du Mulou;1.121
361;Cawotte;1.106
17138;Viande Rassie;1.103
17075;Canif Rouillé;1.103
13496;Bandeau de Nakunbra;1.103
2622;Boulet de Canondorf;1.103
2620;Rhum de Qualité;1.103
998;Caleçon Mignon du Pirate;1.103
2607;Trukikol Mort;1.094
2605;Plume de Dostrogo;1.094
2602;Plume de Domoizelle;1.094
2254;Feuille de Fourbasse;1.094
2253;Fleur de Gloutovore;1.094
838;Manuel du Directeur Grunob;1.094
33329;Extrait de Foudroyeur;1.075
389;Huile de Tournesol Sauvage;1.075
33327;Extrait de Caresseur;1.073
33326;Extrait de Baffeur;1.073
2642;Mâchoire de Rib;1.073
14946;Cuir de Porsalu;1.067
8484;Duvet de Tofoune;1.064
2673;Œuf Pourri;1.064
2572;Estomac de Tofukaz;1.064
2565;Rondelle de Bois;1.064
2454;Estomac de Tofu Ventripotent;1.064
2336;Crâne de Chafer;1.064
2285;Tissu Sombre;1.064
756;Slip en Cuir Moulant du Garglyphe;1.064
642;Cocon de Ver à Soie;1.064
8314;Peau de Kraméléhon;1.054
20680;Cire de Gligli Améliorée;1.05
23858;Haïku du dragon : Création;1.044
23856;Haïku du dragon : Destruction;1.044
16220;Œil de Saltik;1.039
16219;Fil de Néfileuse;1.039
16218;Dent de Gargantûl;1.039
16217;Laine de Dardalaine;1.039
16216;Chélicères d'Arapex;1.039
16154;Écorce d'Abrakne Sombre;1.039
1674;Champignon Luidegît;1.037
16002;Patte de Kankreblath;1.029
8557;Plume de Batofu;1.029
7030;Peau de Krambwork;1.012
3002;Botte trouée de Mégabwork;1.012
2647;Oreille de Médibwork;1.012
2316;Couteau de Roukouto;1.012
2286;Bandelettes;1.012
2273;Tissu Pourpre;1.012
1614;Bombe de Graboule;1.012
1611;Bourgeon de Pirolienne;1.012
1610;Roue de Tivelo;1.012
7906;Corne du Boufcoul;1.012
11253;Étoffe de Rat Bougri;1.003
14635;Pépite;1.0
2669;Chauve-souris;0.998
2323;Colonne Vertébrale;0.979
11250;Poil de Chachachovage;0.976
2466;Langue de Gargrouille;0.974
2464;Queue de Boostache Prépubère;0.974
2463;Dent de Kwoan;0.974
8085;Poils de Koalak Forestier;0.969
8084;Peau de Piralak;0.969
8083;Os de Pékeualak;0.969
8062;Poils de Koalak Indigo;0.969
8061;Poils de Koalak Reinette;0.969
8060;Poils de Koalak Coco;0.969
8059;Poils de Koalak Griotte;0.969
33318;Petit Extrait de Foudroyeur;0.958
12437;Cendres Novices;0.957
11257;Plume de Gélikan;0.951
11815;Boostoplasme;0.946
33317;Petit Extrait de Dragofesse;0.937
16152;Masque Brisé d'Araknotron;0.926
11254;Pince de Crabe Hijacob;0.926
8515;Os de Trooll;0.915
33316;Petit Extrait de Caresseur;0.906
18370;Queue de Fennex;0.863
18369;Queue de Scordion Bleu;0.863
18368;Écailles d'Ouroboulos;0.863
18367;Boule de Boulépique;0.863
16150;Racine d'Abraknyde Vénérable;0.863
1612;Racine d'Abraknyde Sombre;0.844
18411;Œil de Léolhyène;0.841
14490;Lunettes de Tiwobot;0.841
14472;Bâton de Blanc Pa Wabbit;0.841
14471;Casque de Wobot;0.841
14470;Poil de Wobot Kiafin;0.841
14469;Estomac de Black Wo Wabbit;0.841
17136;Viande Sanguinolente;0.834
8077;Boomerang du Warko Marron;0.823
450;Pierre de Granit;0.809
544;Pierre d'Émeraude;0.802
6475;Casque Cassé du Chafer;0.788
12445;Fumée Novice;0.785
12441;Flaque Novice;0.785
12433;Poudre Novice;0.785
12429;Boue Novice;0.785
2274;Bougie du Mineur Sombre;0.763
2675;Plume de Tofu Maléfique;0.758
308;Coquille de Dragoeuf Calcaire;0.717
33313;Minuscule Extrait d'Abreuvoir;0.717
33312;Minuscule Extrait de Foudroyeur;0.717
33309;Minuscule Extrait de Baffeur;0.714
13731;Pierre Médicinale;0.711
8002;Étoffe de Dok Alako;0.711
33314;Minuscule Extrait de Mangeoire;0.71
33311;Minuscule Extrait de Dragofesse;0.707
33310;Minuscule Extrait de Caresseur;0.696
8157;Pétale Magique du Tournesol Affamé;0.692
2585;Cœur de Boue du Boo;0.692
2278;Tissu Invisible;0.682
2576;Scalp de Milimulou;0.667
33349;Gigantesque Extrait de Dragofesse;0.666
2467;Rondelles de Milirat Strubien;0.665
2453;Œil de Ramane Strubien;0.665
2451;Patte d'Arakne des Égouts;0.665
1672;Poils de Darit;0.665
653;Étoffe d'Écurouille;0.665
14280;Pic de dragodinde dorée;0.659
447;Charbon;0.656
17134;Viande Avariée;0.643
17715;Jeton du Chazino des Ecaflipuces;0.63
21263;Peau de Dragoeuf Albâtre;0.628
2528;Ongle de Kanigrou;0.628
1129;Coquille de Dragoeuf Ardoise;0.628
843;Coquille de Dragoeuf Charbon;0.628
842;Coquille de Dragoeuf Argile;0.628
1613;Écaille de Chef Crocodaille;0.626
886;Cuir de Bouftou Royal;0.619
1660;Ambre d'Abraknyde Sombre;0.619
652;Étoffe du Sanglier;0.609
1462;Liquide vampiresque;0.584
2574;Crinière de Scélérat Strubien;0.582
1890;Poil de Vétauran;0.578
2318;Feuille de Rose Obscure;0.574
7905;Laine du Boufcoul;0.565
2598;Queue de dragodinde sauvage;0.565
2584;Main de Boo;0.565
2551;Oreille de Foufayteur;0.565
2321;Babines de Macien;0.565
2301;Moustache de Kolérat;0.565
2150;Graine de Scorbute;0.565
1889;Plume de Crowneille;0.565
290;Champignon;0.565
543;Pierre de Diamant;0.55
2502;Papatte de Croc Gland;0.549
2304;Fragment de Pierre Polie;0.549
2305;Fragment de Pierre Pointue;0.543
2676;Noeul Mort;0.542
10314;Sang du Kido;0.535
8757;Maillot de corps de Barbroussa;0.534
8050;Peau de Koalak Immature;0.534
8545;Clef de la Crypte de Kardorim;0.525
13336;Graines de Citwouille Maudites;0.525
8760;Foulard du Sparo;0.508
8680;Écaille poisseuse;0.507
448;Silex;0.499
8740;Chicot du Flib;0.494
14284;Flamme Spectrale;0.492
33524;Moustache de muldo doré;0.488
33523;Moustache de muldo ebène;0.488
33522;Moustache de muldo pourpre;0.488
33521;Moustache de muldo indigo;0.488
33520;Moustache de muldo orchidée;0.488
2455;Sang de Bouftou;0.487
2599;Pic de dragodinde;0.48
2495;Œil de Craquelope;0.471
13098;Casque du Chafer Primitif;0.463
33350;Gigantesque Extrait de Foudroyeur;0.459
33348;Gigantesque Extrait de Caresseur;0.459
33347;Gigantesque Extrait de Baffeur;0.459
11475;Eau calme;0.455
2549;Boîte de Vétauran;0.453
16489;Planche Agglomérée;0.45
16440;Ferrite;0.45
16487;Bois Vermoulu;0.448
378;Sporme du Champ Champ;0.448
17132;Viande Ladre;0.446
2661;Feuille de Tournesol Sauvage;0.446
643;Fil de Soie;0.446
17065;Poupée Vaudou Tam;0.446
8481;Poil de Rat d'Égoutant;0.446
2628;Poupée Vaudou Ark;0.446
2627;Poupée Vaudou Sarbak;0.446
2626;Poupée Vaudou Jav;0.446
2625;Poupée Vaudou Eth;0.446
2264;Canine de Gobelin;0.444
1673;Patte d'Arakne Magique;0.443
2663;Engrais;0.434
381;Fraise;0.429
2665;Herbe Folle;0.428
641;Coton Ancestral;0.428
9381;Fleur de Gloutoblop;0.426
431;Pierre du Craqueleur;0.41
6476;Griffe de Robionicle;0.404
2509;Dent de Larve Champêtre;0.404
2482;Charnière Cassée;0.404
1771;Souris verte;0.404
406;Estomac de Wo Wabbit;0.404
2662;Bave de Rose Démoniaque;0.398
2497;Oreille de Guerrier Mental;0.395
2496;Queue de Rat d'Hyoactif;0.395
2486;Coque Endommagée;0.395
2481;Chaîne de Robot Fléau;0.395
1891;Peau de serpentin;0.395
418;Poils de Barbe du Grand Pa Wabbit;0.395
8682;Peau de Mob l'Éponge;0.391
8520;Gratrooll Industriel;0.384
20817;Tendon de Waccro;0.383
27363;Fourrure de Timongouste;0.373
14466;Bandeau de Black Wabbit Squelette;0.371
8483;Peau de Ramane d'Égoutant;0.371
371;Sourcil de Moskito;0.364
20819;Dent de Waddict;0.36
1681;Peau Égrotante;0.354
20818;Emballage Suspect;0.348
23857;Haïku du dragon : Passion;0.342
23855;Haïku du dragon : Résolution;0.342
14462;Os de Wabbit Squelette;0.341
20816;Œil Bionique;0.337
13715;Dent de Larve Dorée;0.33
3001;Épaulière de Bwork;0.328
20814;Patte de Twakeuf;0.326
9382;Fleur de Blopignon;0.322
14457;Patte de Black Wabbit;0.319
27367;Croc de Trankilou;0.313
27366;Griffe de Grolours;0.313
27365;Corne de Buffalourd;0.313
27364;Plume de Thomondor;0.313
2624;Feuille de Tikoko;0.313
2617;Tranche de Nodkoko;0.313
1013;Carapace Bleue;0.313
1011;Carapace Jaune;0.313
1012;Carapace Rouge;0.313
1010;Carapace Verte;0.313
1678;Noix de Grokoko Traumatisée;0.313
1002;Tronc de Kokoko;0.313
17130;Viande Tendre;0.31
368;Gelée à la Fraise;0.305
2618;Kokopaille;0.304
9383;Racine de Tronkoblop;0.302
13714;Dent de Larve Rubis;0.302
2553;Gros Boulet;0.301
13097;Mâchoire du Chafer Draugr;0.3
392;Noix de Pécan;0.299
2288;Patte de Wabbit;0.292
435;Racine d'Abraknyde;0.291
369;Gelée à la Menthe;0.284
2436;Gelée Citron;0.283
13500;Dent de Larve Émeraude;0.282
463;Ambre;0.278
16148;Poil d'Abrakne;0.273
14945;Vieille Partition;0.273
14944;Sueur Froide de Fantôme;0.273
13728;Paupière d'Étoile;0.273
13491;Relique Familiale;0.273
13342;Tatouage de Mauvais Garçon;0.273
2583;Œil de Raul Mops;0.273
2484;Trident Cassé;0.273
2297;Flèche du Chafer Archer;0.273
2275;Cuir de Porkass;0.273
1664;Dent de Crocodaille;0.273
485;Slip en cuir du Chafer Lancier;0.273
429;Miséricorde du Chafer d'Élite;0.273
379;Pince de Crabe;0.273
372;Bandeau du Black Tiwabbit;0.273
11110;Obsidienne;0.27
11109;Frostiz;0.27
11107;Bois de Tremble;0.27
11106;Poisskaille;0.27
11102;Perce-Neige;0.27
757;Gelée Bleuet;0.267
287;Graine de Sésame;0.266
16525;Crâne de Kardorim;0.263
14459;Moustaches de Tiwabbit;0.263
13713;Dent de Larve Saphir;0.263
14278;Chaînes Brisées;0.26
33315;Petit Extrait de Baffeur;0.26
16471;Espadon;0.26
7014;Bois de Bambou Sacré;0.26
2330;Capsule Explosive;0.254
8730;Coccyx du Corailleur;0.254
2648;Griffes de Kwak;0.254
1142;Bec du Kwak de Terre;0.254
1141;Plume du Kwak de Terre;0.254
416;Plume du Kwak de Vent;0.254
415;Plume du Kwak de Flamme;0.254
414;Plume du Kwak de Glace;0.254
413;Bec du Kwak de Vent;0.254
412;Bec du Kwak de Flamme;0.254
411;Bec du Kwak de Glace;0.254
1675;Os Surprise du Chafer Fantassin;0.253
27748;Ronce ephedryenne;0.251
761;Poils de souris;0.251
16469;Tanche;0.25
16456;Millet;0.25
16389;Mandragore;0.25
7033;Dolomite;0.25
470;Bois d'Orme;0.25
14460;Branche de Tiwabbit Kiafin;0.249
2515;Groin de Sanglier des Plaines;0.249
409;Poils de Barbe du Bwork Mage;0.248
13339;Sceau Royal Contrefait;0.245
8752;Bulbe Morito;0.245
8751;Bulbe Passaoh;0.245
8750;Bulbe Malibout;0.245
8749;Bulbe Kouraçao;0.245
13505;Bourse Suspecte;0.243
33331;Extrait de Mangeoire;0.241
16467;Morue;0.24
7016;Bois de Bambou Sombre;0.24
8158;Plume Graisseuse du Tofu Ventripotent;0.239
8735;Corail Morito;0.236
8734;Corail Passaoh;0.236
8733;Corail Malibout;0.236
8732;Corail Kouraçao;0.236
3208;Slip de Bwork Archer;0.229
13729;Papier Charbon;0.223
16454;Maïs;0.22
16387;Belladone;0.22
1779;Bar Rikain;0.22
472;Bois de Charme;0.22
313;Or;0.22
13489;Miroir de Dopeul;0.214
7925;Bois de Kaliptus;0.21
602;Requin Marteau-Faucille;0.21
31826;Boyau de zarbivore;0.209
17128;Viande Minérale;0.208
13730;Graine de la Discorde;0.207
2250;Bois de Tronknyde;0.206
2674;Bonnet de Gobaliste;0.206
2656;Os rongé de Gobichon;0.206
2259;Pic de Lance de Gobet;0.206
382;Longue-vue de Gob-Trotteur;0.206
302;Tambour de Gobaladée;0.206
16168;Lamelle de Champa Vert;0.202
16167;Lamelle de Champa Rouge;0.202
16166;Lamelle de Champa Marron;0.202
16165;Lamelle de Champa Bleu;0.202
16465;Lotte;0.2
16385;Ginseng;0.2
449;Bois d'Ébène;0.2
446;Bauxite;0.2
425;Chanvre;0.2
16488;Bois de Noisetier;0.19
1784;Raie Bleue;0.19
1652;Patte d'Arakne Majeure;0.185
432;Côtes du Rib;0.183
420;Ficelle en Lin;0.18
2468;Estomac de Ouassingue;0.18
16001;Antennes de Vilinsekt;0.176
2579;Œil de Tofu Noir;0.176
2571;Patte de Tofukaz;0.176
2249;Dent de Garglyphe;0.176
887;Cuir de Ouassingue;0.176
375;Dent de Tofu Mutant;0.176
367;Œuf de Tofu;0.176
301;Plume de Tofu;0.176
7059;Graine de Pandouille;0.17
1801;Perche;0.17
474;Bois de Merisier;0.17
405;Malt;0.17
350;Argent;0.17
901;Cuir du Cochon de Lait;0.166
883;Cuir de Boostache Prépubère;0.162
486;Cuir de Gargrouille;0.162
391;Noix de Cajou;0.161
16463;Dorade Grise;0.16
7013;Bois de Bambou;0.16
2283;Œil de Kwoan;0.155
16461;Anguille;0.15
7032;Silicate;0.15
7018;Riz;0.15
594;Edelweiss;0.15
532;Seigle;0.15
461;Bois d'If;0.15
444;Étain;0.15
430;Os Invisible du Chafer Invisible;0.144
2357;Bois d'Oliviolet;0.14
600;Kralamoure;0.14
12428;Boue Juvénile;0.134
17126;Viande Frelatée;0.133
286;Levure de Boulanger;0.126
10835;Cachet du bizut;0.125
882;Laine du Chef de Guerre Bouftou;0.124
752;Sang de Vampire;0.123
1847;Brochet;0.12
593;Orchidée Freyesque;0.12
471;Bois d'Érable;0.12
445;Manganèse;0.12
423;Lin;0.12
2279;Canine Vampiresque;0.117
417;Boue du Boo;0.116
1777;Bout de Blop Indigo;0.116
1775;Bout de Blop Griotte;0.116
1773;Bout de Blop Reinette;0.116
1770;Bout de Blop Coco;0.116
6845;Casque de Martoa;0.111
6844;Oreille de Douzdoa;0.111
6843;Gant de Sherpoa;0.111
6841;Œil de Pikdoa;0.111
2322;Crocs de Rats;0.111
1690;Poils du Milimulou;0.111
407;Pic de Prespic;0.111
394;Noisette;0.111
393;Gland;0.111
304;Cuir de Scélérat Strubien;0.111
12444;Fumée Juvénile;0.11
12440;Flaque Juvénile;0.11
12436;Cendres Juvéniles;0.11
12432;Poudre Juvénile;0.11
2358;Bois de Bombu;0.11
1805;Sardine Brillante;0.11
885;Laine de Boufton Noir;0.109
884;Cuir de Bouftou Noir;0.104
387;Défense du Sanglier;0.102
1794;Carpe d'Iem;0.1
460;Bois de Chêne;0.1
443;Kobalte;0.1
401;Houblon;0.1
380;Menthe Sauvage;0.1
383;Corne de Boufton;0.1
881;Laine de Ramane Strubien;0.097
13727;Crème à bronzer;0.096
13726;Conque Marine;0.096
13502;Fluide Glacial;0.096
