id;libelle;xp
18364;Étoile d'Or d'El Piko;60.0
8800;Étoffe Zoth;1.0
8384;Étoffe Magique de Moon;29.0
8808;Étoffe du Roissingue;4.0
651;Étoffe du Mulou;2.0
8082;Étoffe du Fauchalak;13.0
11319;Étoffe de Vigie Pirate;4.0
8487;Étoffe de Sphincter Cell;96.0
11253;Étoffe de Rat Bougri;0.5
8801;Étoffe de Ouassingue;0.045454545
8791;Étoffe de Meupette;29.0
11932;Étoffe de Kolosso;254.0
11249;Étoffe de Kaniglou;23.0
13916;Étoffe de Grodruche;92.0
11940;Étoffe de Glourmand;76.0
8002;Étoffe de Dok Alako;0.2
11925;Étoffe de Croleur;76.0
1696;Étoffe de Choudini;22.0
8778;Étamine de Floribonde;2.0
13703;Épingle à Cheveux de Saphira;1.0
12467;Épine Dorsale de Grozilla;10.0
17613;Épine de Grath;1.0
17980;Épine de Diondin;10.0
9280;Épine d'Ougah;19.0
14511;Élastique de Gobvious;8.0
8806;Écusson du Sergent Zoth;8.0
8773;Écorce de Nerbe;20.0
1682;Écorce de Liroye Merline;5.0
8774;Écorce de Fécorce;20.0
8771;Écorce de Floribonde;21.0
8775;Écorce de Chiendent;20.0
9263;Écorce de Champaknyde;53.0
8772;Écorce de Brouture;20.0
11891;Écorce d'Abrazif;6.0
16154;Écorce d'Abrakne Sombre;0.5
18368;Écailles d'Ouroboulos;1.0
11318;Écaille de Harpirate;3.0
14263;Écaille de Grozilla;2.0
14265;Écaille de Grasmera;2.0
17972;Écaille de Gambaf;3.0
11933;Vomer d'Apériglours;34.0
13977;Volve de Mérulor;9.0
11890;Volve de Fongeur;6.0
11888;Volve de Fistulor;6.0
17964;Volant hydraulique;576.0
2488;Viscères de Scorbute;3.0
13732;Vieille Ventouse de Kralamoure;0.5
19400;Vertèbre de Trépavois;10.0
11334;Vertèbre d'Obsidiantre;161.0
8813;Ventouse du Kralamoure géant;28.0
15455;Venin d'Éperfide;6.0
11326;Ulna de Solfataré;39.0
15444;Tête de mort;2.0
11324;Téphra d'Atomystique;46.0
11332;Tuf de Mofette;8.0
2607;Trukikol Mort;0.5
1002;Tronc de Kokoko;0.166666667
9267;Trompe de la Tromperelle;56.0
17978;Trident de Tryde;3.0
8786;Tresse du Poolay;15.0
8403;Tresse du Koulosse;3.0
2617;Tranche de Nodkoko;0.166666667
8810;Tourbe séchée de Tourbassingue;5.0
8755;Touffe rousse du Flib;3.0
13704;Touffe de Poils de Rubise;1.0
15726;Touffe de cheveux de Soissanth;5.0
16155;Toile d'Abrakne Sombre;6.0
8802;Tibia du Guerrier Zoth;8.0
8057;Tibia de Koalak Fossoyeur;1.0
2806;Testicules Magiques du Meulou;29.0
2805;Testicules Magiques de Muloubard;8.0
7386;Testicules du Tanukouï San;60.0
292;Testicules de Cocholou;8.0
17984;Tentacule de N'Yalg;3.0
17983;Tentacule de Grofond;3.0
13342;Tatouage de Mauvais Garçon;0.25
8784;Talon d'achille de l'Abrakleur sombre;22.0
8780;Sépale de Nerbe;2.0
13946;Sépale de Drosérâle;92.0
14927;Symbole des Obscuranti;44.0
10970;Sueur de dragodinde;0.1
13737;String en Cuir de la Mama Bwork;54.0
18363;String de Pampactus;2.0
13974;Sternum de Mansordide;92.0
11251;Sternum de Chachachovage;3.0
17968;Statuette de Snedon;579.0
13933;Stapes de Frimar;9.0
13164;Sphénoïde du Kimbo;12.0
2564;Sourcils de Tronknyde;0.5
15178;Sourcil de Barbétoal;5.0
8797;Souche de l'Abrakleur clair;3.0
18318;Soie chatoyante;0.0
14517;Slip troué de Dramak;29.0
3208;Slip de Bwork Archer;0.035714286
15462;Slip d'Elsoummo;2.0
448;Silex;0.142857143
13707;Shampooing au Kaliptus de Saphira;10.0
13140;Serrure du Coffre des Forgerons;1.0
15716;Serre d'Ikargn;12.0
15691;Sel de Baleine;34.0
11333;Scorie d'Obsidiantre;16.0
13339;Sceau Royal Contrefait;0.25
17625;Sceau du Roi Joueur;10.0
17963;Sceau des fondateurs;720.0
18543;Scarabée Chrysonéfritin;47.0
13994;Scapula du Comte Harebourg;34.0
11322;Scapula de Ben le Ripate;116.0
2575;Scalp de Mulounoké;8.0
13924;Scalp de Klime;338.0
2268;Scalp de Bwork Archer;0.333333333
15451;Sang du Toxoliath;29.0
18729;Sang de Viandargh;8.0
13925;Sang de Ventrublion;9.0
2012;Sang de Scorbute;0.0
13929;Sang de Karkanik;9.0
14859;Sang de Harpo;10.0
19405;Sang de Calciné;46.0
8738;Sacrum magistral;0.5
15459;Sacoche de Kartouche;2.0
1684;Sac à Patates Sombre;0.5
1683;Sac à Patates Clair;0.5
8408;Sabot du Minotot;120.0
15733;Sablier miniature;3.0
18366;Sable Fin;3.0
11325;Résidu de Solfataré;4.0
1523;Rune Vi;0.090909091
11639;Rune Tac;1.0
7434;Rune So;5.0
1521;Rune Sa;0.5
7455;Rune Ré Terre;0.333333333
11651;Rune Ré Pou;0.333333333
11643;Rune Ré Pme;3.0
7459;Rune Ré Per Terre;3.0
7460;Rune Ré Per Neutre;3.0
18723;Rune Ré Per Mé;1.0
7457;Rune Ré Per Feu;3.0
7560;Rune Ré Per Eau;3.0
18724;Rune Ré Per Di;1.0
7458;Rune Ré Per Air;3.0
11641;Rune Ré Pa;3.0
7456;Rune Ré Neutre;0.333333333
7452;Rune Ré Feu;0.333333333
7454;Rune Ré Eau;0.333333333
11655;Rune Ré Cri;0.333333333
7453;Rune Ré Air;0.333333333
11647;Rune Ret Pme;3.0
11645;Rune Ret Pa;3.0
1554;Rune Ra Vi;1.0
1552;Rune Ra Sa;4.0
10619;Rune Ra Pui;2.0
7445;Rune Ra Pod;1.0
7450;Rune Ra Ini;1.0
1553;Rune Ra Ine;1.0
1551;Rune Ra Fo;1.0
1556;Rune Ra Cha;1.0
1555;Rune Ra Age;1.0
7436;Rune Pui;0.333333333
7451;Rune Prospe;0.5
7443;Rune Pod;0.090909091
7438;Rune Po;130.0
1548;Rune Pa Vi;0.25
11640;Rune Pa Tac;4.0
19337;Rune Pa So;5.0
1546;Rune Pa Sa;1.0
19342;Rune Pa Ré Terre;0.333333333
11652;Rune Pa Ré Pou;1.0
11644;Rune Pa Ré Pme;8.0
11642;Rune Pa Ré Pa;8.0
19341;Rune Pa Ré Neutre;0.333333333
19340;Rune Pa Ré Feu;0.333333333
19339;Rune Pa Ré Eau;0.333333333
11656;Rune Pa Ré Cri;1.0
19338;Rune Pa Ré Air;0.333333333
11648;Rune Pa Ret Pme;8.0
11646;Rune Pa Ret Pa;8.0
10662;Rune Pa Prospe;1.0
7444;Rune Pa Pod;0.25
7449;Rune Pa Ini;0.25
1547;Rune Pa Ine;0.25
11638;Rune Pa Fui;4.0
1545;Rune Pa Fo;0.25
11658;Rune Pa Do Terre;4.0
11650;Rune Pa Do Pou;4.0
11666;Rune Pa Do Neutre;4.0
11660;Rune Pa Do Feu;4.0
11662;Rune Pa Do Eau;4.0
11654;Rune Pa Do Cri;4.0
11664;Rune Pa Do Air;4.0
1550;Rune Pa Cha;0.25
1549;Rune Pa Age;0.25
7442;Rune Invo;45.0
7448;Rune Ini;0.090909091
1522;Rune Ine;0.090909091
1558;Rune Ga Pme;405.0
1557;Rune Ga Pa;500.0
11637;Rune Fui;1.0
1519;Rune Fo;0.090909091
11657;Rune Do Terre;1.0
7437;Rune Do Ren;1.0
11649;Rune Do Pou;1.0
18722;Rune Do Per So;1.0
18719;Rune Do Per Mé;1.0
18720;Rune Do Per Di;1.0
18721;Rune Do Per Ar;1.0
11665;Rune Do Neutre;1.0
11659;Rune Do Feu;1.0
11661;Rune Do Eau;1.0
11653;Rune Do Cri;1.0
11663;Rune Do Air;1.0
7508;Rune de Signature;1.0
7433;Rune Cri;5.0
1525;Rune Cha;0.090909091
1524;Rune Age;0.090909091
1610;Roue de Tivelo;0.5
8803;Rotule du Disciple Zoth;7.0
15263;Rose des sables;1.25
2467;Rondelles de Milirat Strubien;1.0
2620;Rhum de Qualité;0.5
19236;Restes d'Esprigné;9.0
8790;Rembourrage de Meupette;2.0
6488;Racine du Chêne Mou;7.0
11892;Racine d'Abrazif;47.0
16150;Racine d'Abraknyde Vénérable;0.5
1612;Racine d'Abraknyde Sombre;0.5
8496;Racine d'Abraknyde Ancestral;2.0
435;Racine d'Abraknyde;0.032258065
14141;Racine cristalline;200.0
8798;Queue emplumée du Rasboul Majeur;37.0
11219;Queue du Royalmouth;56.0
438;Queue du Mulou;0.25
11230;Queue du Fu Mansot;2.0
11135;Queue du Boufmouth légendaire;15.0
11882;Queue de Yomi Givrefoux;17.0
11921;Queue de Wolvero;7.0
13991;Queue de Sinistrofu;92.0
18369;Queue de Scordion Bleu;1.0
2496;Queue de Rat d'Hyoactif;0.2
15175;Queue de Mère Veilleuse;3.0
11945;Queue de Meliglours;8.0
17973;Queue de Mantaze;5.0
11943;Queue de Glourséleste;25.0
18370;Queue de Fennex;1.0
11312;Queue de Fantomalamère;3.0
18730;Queue de Chevrotine;8.0
17615;Queue de Chasquatch;4.0
13972;Queue de Brikoglours;92.0
11929;Queue de Blérom;76.0
19411;Queue de Bethel Akarna;34.0
11238;Queue d'Ecumouth;1.0
8747;Pétale Passaoh;1.0
8748;Pétale Morito;1.0
8746;Pétale Malibout;1.0
8745;Pétale Kouraçao;1.0
11525;Péroné du Marôdeur;8.0
14635;Pépite;1.25
13978;Pédoncule de Mérulor;92.0
11894;Pédoncule de Mérulette;47.0
11889;Pédoncule de Fongeur;47.0
6904;Protection usagée du Bworker;0.0
19408;Protection de Funespadon;10.0
17065;Poupée Vaudou Tam;0.25
2627;Poupée Vaudou Sarbak;0.25
2626;Poupée Vaudou Jav;0.25
2625;Poupée Vaudou Eth;0.25
2628;Poupée Vaudou Ark;0.25
12435;Poudre Vénérable;8.0
12433;Poudre Novice;0.5
12434;Poudre Mature;2.0
12432;Poudre Juvénile;0.125
13154;Poudre glaciale;25.0
14267;Pointe osseuse de Grasmera;34.0
19407;Pointe de Lance de Tournoyé;10.0
840;Poils du Minotoror;4.0
18734;Poils du Comte Razof;25.0
291;Poils de Mulounoké;0.5
8061;Poils de Koalak Reinette;1.0
8062;Poils de Koalak Indigo;1.0
8059;Poils de Koalak Griotte;1.0
8085;Poils de Koalak Forestier;1.0
8060;Poils de Koalak Coco;1.0
13697;Poils de Guerrier Koalak;1.0
19072;Poils de Goultime;10.0
11936;Poils de Boulglours;4.0
8066;Poils de Barbe du Warko Violet;13.0
409;Poils de Barbe du Bwork Mage;0.019607843
8065;Poils de Barbe de Dragodinde;3.0
19972;Poils de barbe de Barbélier;9.0
8405;Poil de Skeunk;5.0
8481;Poil de Rat d'Égoutant;0.166666667
8571;Poil de Rat Brâkmarien;2.0
17976;Poil de Meno;34.0
8311;Poil de Gamino;0.5
8393;Poil de Dragon Cochon;29.0
17616;Poil de Chacrebleu;4.0
11250;Poil de Chachachovage;0.5
8389;Poil de Bworkette;6.0
11924;Poil de Blérauve;76.0
11321;Poil de Ben le Ripate;12.0
11229;Poil de barbe du Shamansot;2.0
13935;Poil d'aisselle de Missiz Frizz;34.0
16148;Poil d'Abrakne;0.083333333
12374;Poignée du Gorgouille;43.0
14268;Poche de magma de Grasmera;338.0
14266;Poche de charbon de Grasmera;22.0
11223;Plume du Timansot;1.0
8309;Plume du Serpiplume;0.333333333
13167;Plume du Rasboul Majeur;3.0
11232;Plume du Mansot Royal;10.0
17622;Plume du Cavalier;10.0
6898;Plume de Piou Violet;0.001199041
6899;Plume de Piou Vert;0.001298701
6900;Plume de Piou Rouge;0.001298701
6903;Plume de Piou Rose;0.001199041
6902;Plume de Piou Jaune;0.001199041
6897;Plume de Piou Bleu;0.001199041
11257;Plume de Gélikan;0.5
13984;Plume de Granduk;9.0
14512;Plume de Gobvious;1.0
8766;Plume de fesse du Kido;0.5
2602;Plume de Domoizelle;0.5
13941;Plume de Dodox;9.0
13989;Plume de Cycloïde;92.0
1889;Plume de Crowneille;0.333333333
15720;Plume de Brabuzar;10.0
19237;Plume d'Ilyzaelle;34.0
13709;Place de Concert de Diamantine;10.0
15446;Piège désamorcé de Mâchassin;5.0
276;Pièce du Trésor du Badoul;1.0
274;Pièce du Puzzle de la Griffe;1.0
15732;Pixel de Segmantid;1.0
15728;Pixel de Gromorso;2.0
15727;Pixel de Fraktale;7.0
15729;Pixel de Farfacette;2.0
15730;Pixel de Brikablak;2.0
15731;Pixel d'Éklatleth;2.0
8777;Pistil du Tynril;7.0
17621;Pique du Soldat;10.0
11309;Pince du Fancrôme;3.0
15454;Pince de Lucrane;6.0
14817;Pince de Krabouilleur;51.0
19232;Pince de Crâme;9.0
8744;Pince de Crustorail;0.125
17971;Pince de Crabe Yoloniste;3.0
11254;Pince de Crabe Hijacob;0.333333333
14279;Pierre Précieuse Zoth;0.5
13731;Pierre Médicinale;0.2
8402;Pierre du Koulosse;29.0
431;Pierre du Craqueleur;0.142857143
11530;Pierre du Courtilieur;9.0
14952;Pierre de Serpiplume;8.0
11331;Pierre de Mofette;6.0
450;Pierre de Granit;0.81
11329;Pierre de Fumrirolle;5.0
1679;Pierre de Crystaloboule;0.25
11323;Pierre d'Atomystique;5.0
17988;Pierre Angulaire;24.0
18383;Picot d'El Piko;6.0
13993;Pic du Nocturlabe;92.0
18566;Pic de Pikténia;5.0
14822;Pic de Pikoleur;5.0
14280;Pic de Dragodinde Dorée;0.5
2599;Pic de Dragodinde;0.142857143
19068;Pic d'Anerice;33.0
1681;Peau Égrotante;0.5
9401;Peau du Bworker;195.0
15723;Peau de Vindeux;6.0
18565;Peau de Trémorse;2.0
17981;Peau de Trithon;24.0
6740;Peau de Tivelo;6.0
8404;Peau de Skeunk;48.0
6739;Peau de Roukouto;6.0
8482;Peau de Rat;1.0
8482;Peau de Rat;1.0
8483;Peau de Ramane d'Égoutant;0.142857143
8084;Peau de Piralak;1.0
15688;Peau de Pataugerme;2.0
15172;Peau de Métaphorreur;3.0
8383;Peau de Moon;2.0
8312;Peau de Minoskito;0.333333333
8052;Peau de Maître Koalak;1.0
11225;Peau de Mansobèse;2.0
8315;Peau de Mandrine;0.333333333
8314;Peau de Kraméléhon;0.5
8050;Peau de Koalak Immature;2.0
17612;Peau de Gériatique;1.0
8054;Peau de Drakoalak;1.0
8392;Peau de Don Duss Ang;0.82
8391;Peau de Don Dorgan;0.93
8390;Peau de Cochon de Farle;1.55
8053;Peau de Chevaucheur Koalak;11.0
8388;Peau de Bworkette;0.5
11527;Peau d'Ouilleur;4.0
18540;Paupière Dorée de Rykaon;10.0
13943;Patte de Termystique;9.0
15685;Patte de Tabacille;7.0
11335;Patte de Soryo Givrefoux;18.0
15452;Patte de Scoliopode;6.0
11252;Patte de Rat Bougri;3.0
17609;Patte de Pupuce;1.0
18564;Patte de Masticroc;2.0
17985;Patte de Li-Fo;5.0
13341;Patte de la Gardienne des Égouts;2.0
11895;Patte de Korriandre;20.0
14510;Patte de Bouledogre;1.0
16159;Patte d'Abrakne Irascible;2.0
18359;Parchemin de Cactana;2.0
17974;Parasite Aquatique;23.0
2502;Papatte de Croc Gland;0.25
17611;Palpe de Pikbul;1.0
15724;Pagne de Trantroa;6.0
15460;Os de Sramouraï;2.0
8083;Os de Pékeualak;1.0
18732;Os de Nemroz;8.0
8055;Os de Mama Koalak;8.0
11247;Oreille percée du Fricochère;2.0
11231;Oreille du Fu Mansot;22.0
11336;Oreille de Soryo Givrefoux;2.0
14516;Oreille de Rhinoféroce;1.0
13976;Oreille de Mécanofoux;92.0
11248;Oreille de Kaniglou;2.0
2497;Oreille de Guerrier Mental;0.142857143
18541;Oreille de Griffotep;10.0
11519;Oreille de Gobosteur;3.0
11920;Oreille de Fleuro;7.0
11887;Oreille de Fistulor;47.0
6844;Oreille de Douzdoa;0.066666667
11926;Oreille de Croleur;8.0
17618;Oreille de Chargus;4.0
14509;Oreille de Bouledogre;8.0
11119;Oreille de Bouftonmouth;1.0
11928;Oreille de Blérice;76.0
11934;Oreille d'Apériglours;3.0
13157;Ongle du Bworker;19.0
19069;Ongle de Goulafre;10.0
11930;Omoplate de Blérom;8.0
28432;Nékinéko;393.0
15689;Noyau de Protozorreur;34.0
392;Noix de Pécan;0.047619048
997;Noix de Kokoko;1.0
1678;Noix de Grokoko Traumatisée;0.166666667
391;Noix de Cajou;0.015384615
19073;Nez de Pipisteuse;10.0
9940;Nacre brute;0.5
8394;Méga Pierre du Craqueleur Légendaire;12.0
2251;Méga Pierre du Craqueleur;0.5
15447;Mèche de bombe de Terristocrate;5.0
11315;Mât de Fantômat;3.0
14144;Mycoses gelées;200.0
18362;Moustaches de Cactoblongo;2.0
15169;Moustache précieuse;1.0
8763;Moustache du Mufafah;0.5
17620;Moustache de Ush;18.0
17979;Moustache de Rilur;5.0
2301;Moustache de Kolérat;0.333333333
13923;Moustache de Klime;34.0
13934;Moustache de Frimar;92.0
15180;Morceau de clef de Paspartou;5.0
8758;Morceau de caleçon de Gourlo;1.0
13926;Molaire de Ventrublion;92.0
13938;Molaire de Nessil;92.0
11927;Molaire de Blérice;8.0
8396;Mojo de Mergranlou;8.0
13971;Maxillaire de Brikoglours;9.0
14922;Masque du Vide;9.0
14926;Masque du Vice;9.0
14925;Masque de la Vivacité;9.0
14924;Masque de la Violence;9.0
14923;Masque de la Vengeance;9.0
16157;Masque Cassé d'Araknotron Irascible;1.0
16152;Masque Brisé d'Araknotron;0.5
18358;Maraca de Lévito;2.0
11922;Manubrium de Wolvero;69.0
16160;Mandibule d'Abrakne Irascible;20.0
11880;Malléole de Yomi Givrefoux;2.0
13930;Malleus de Karkanik;92.0
8757;Maillot de corps de Barbroussa;0.25
410;Livre du Bwork Mage;0.333333333
17966;Lest anti-tourbillon;584.0
12001;Larme de Givrefoux;2.0
17975;Lanterne de Tourthon;3.0
18563;Langue de Morsquale;2.0
15166;Langue de Mimikado;1.0
19401;Langue de Hacharné;10.0
2504;Langue de Craquelope;1.0
11893;Lamelle de Mérulette;6.0
11885;Lamelle de Dramanite;6.0
9278;Lamelle de Champbis;56.0
2619;Lait de Tortue;1.0
11221;Laine du Royalmouth;6.0
7905;Laine du Boufcoul;0.333333333
11339;Laine de Yokaï Givrefoux;2.0
11341;Laine de Tengu Givrefoux;15.0
13982;Laine de Sylargh;34.0
881;Laine de Ramane Strubien;0.111111111
11338;Laine de Maho Givrefoux;2.0
11937;Laine de Glouragan;76.0
11136;Laine de Boufmouth légendaire;2.0
11117;Laine de Boufmouth;1.0
929;Kristalite;16.0
2500;Kolérat Mort;3.0
1018;Kole;4.0
2618;Kokopaille;0.083333333
15182;Kamatrix;2.0
18357;Jus de Cacterre;9.0
15176;Joyau de la couronne du roi Nidas;51.0
13706;Journal Intime d'Émeraude;10.0
13499;Jouet de Gamine Zoth;0.5
19973;Jambière de Kasrok;9.0
479;Ivoire;0.045454545
11935;Iris de Boulglours;38.0
373;Intestin d'araknosé;0.066666667
13931;Incus de Verglasseur;9.0
13983;Incisive de Sylargh;338.0
13927;Incisive de Stalak;9.0
11949;Incisive de Kami Givrefoux;6.0
11939;Incisive de Glourmand;8.0
8739;Humérus du Sparo;3.0
14823;Huile de Pikoleur;51.0
11226;Huile de Mamansot;18.0
11313;Huile de Fantimonier;29.0
13698;Houpette de Koalak Sanguin;1.0
11944;Hamatum de Glourséleste;254.0
2645;Groin de Dragon Cochon;2.0
13986;Griffe de Strigide;9.0
15171;Griffe de Phorrêveur;3.0
440;Griffe de Muloubard;0.5
11931;Griffe de Kolosso;25.0
13950;Griffe de Kanimate;92.0
15719;Griffe de Buboxor;12.0
11923;Griffe de Blérauve;8.0
18539;Grenat de Momistik;10.0
19402;Grenade de Moribombe;10.0
13730;Graine de la Discorde;0.125
8785;Graine de l'Abrakleur sombre;2.0
19074;Goulobule rouge;46.0
2632;Glouto Rhum;0.5
17614;Glande du Pounicheur;6.0
11239;Gland de l'Ecumouth;13.0
17623;Gilet du Valet;10.0
13367;Galet Solaire;313.0
13365;Galet Saisonnier;13.0
12738;Galet rutilant;125.0
13366;Galet Lunaire;63.0
12737;Galet cramoisi;13.0
12740;Galet brasillant;1250.0
8490;Fémur de Sphincter Cell;10.0
8056;Fémur de Koalak Farouche;12.0
13736;Furoncle de la Mama Bwork;5.0
12447;Fumée Vénérable;8.0
12445;Fumée Novice;0.5
12446;Fumée Mature;2.0
12444;Fumée Juvénile;0.125
19971;Fronde de Boufbos;9.0
12375;Fragment du Gorgouille;4.0
11522;Fragment de pépite de Sakaï;9.0
2304;Fragment de Pierre Polie;0.076923077
2305;Fragment de Pierre Pointue;0.142857143
18537;Fragment de Chakanoubis;10.0
8762;Fragment de cerveau poli;0.5
9281;Fragment d'Ougalurette;195.0
19235;Fragment d'Ectorche;9.0
8760;Foulard du Sparo;0.25
15458;Foulard de Milimaître;2.0
13699;Foulard de Koalak Farouche;1.0
17987;Flûte de Klûtiste;10.0
18733;Flèche de Crâmbo;8.0
7904;Fleur de Kaliptus;0.02
2253;Fleur de Gloutovore;0.5
18361;Fleur de Cactiflore;2.0
12443;Flaque Vénérable;8.0
12441;Flaque Novice;0.5
12442;Flaque Mature;2.0
12440;Flaque Juvénile;0.125
12075;Fiole de fumée de Nelween;12.0
420;Ficelle en Lin;0.005181347
426;Fibre de Chanvre;2.0
2624;Feuille de Tikoko;0.166666667
2254;Feuille de Fourbasse;0.5
13529;Feuille de Branche Soignante;2.0
14143;Fermeture éclair;200.0
1691;Faux Visage de Choudini;2.0
8811;Faux menton du Bourbassingue;4.0
14264;Fausse dent de Grozilla;25.0
13168;Ethmoïde du Minotot;12.0
13928;Ethmoïde de Stalak;92.0
2468;Estomac de Ouassingue;1.0
13338;Enfumoir Zoth;0.5
8812;Encre du Kralamoure géant;281.0
17977;Encre de Poulpée;3.0
11517;Eclat temporel;254.0
11475;Eau calme;0.006666667
11242;Défense du Sanglacier;17.0
15170;Défense du Phossile;14.0
13702;Dédicace de Skeunk pour Émeraude;1.0
8756;Duvet du Kilibriss;1.0
12076;Duvet de Nelween;1.0
11227;Duvet de Mamansot;2.0
16161;Doigt de Branche Invocatrice;2.0
17982;Dentier de Dantinéa;34.0
19974;Dent de Vatenbière;9.0
15722;Dent de Trezz;6.0
17990;Dent de Tilamproie;10.0
11240;Dent de Smilomouth;12.0
14514;Dent de Molette;1.0
15179;Dent de Lévitrof;5.0
19399;Dent de Klémort;10.0
11316;Dent de Fantômat;16.0
2179;Dent de Dragodinde;0.5
18562;Dent de Cycloporth;2.0
13922;Dent de Cuirboule;92.0
17619;Dent de Chakaroze;2.0
13498;Dent de Bourbassingue;0.333333333
18538;Dent de Bandleth;10.0
15456;Dard de Morfrelon;6.0
8809;Culotte à l'envers du Roissingue;48.0
13936;Culotte de Missiz Frizz;338.0
13914;Culotte de Harrogant;68.0
13980;Cuir Onique;300.0
11243;Cuir du Sanglacier;2.0
11342;Cuir de Tengu Givrefoux;153.0
304;Cuir de Scélérat Strubien;0.125
14946;Cuir de Porsalu;0.96
13918;Cuir de Peunch;9.0
887;Cuir de Ouassingue;0.1
11337;Cuir de Maho Givrefoux;23.0
13915;Cuir de Grodruche;9.0
11938;Cuir de Glouragan;8.0
11884;Cuir de Fuji Givrefoux;25.0
8323;Cuir de Déminoboule;0.5
13921;Cuir de Cuirboule;9.0
11120;Cuir de Bouftonmouth;8.0
14860;Cuir d'Eskoglyphe;3.0
13919;Cuir d'Empaillé;9.0
8058;Cubitus de Momie Koalak;1.0
15450;Crâne magique de Magouille;10.0
11340;Crâne de Yokaï Givrefoux;20.0
13495;Crâne d'Aventurier;1.0
8788;Croupion du Bitouf aérien;1.0
2322;Crocs de Rats;0.125
12451;Croc de Krokille;78.0
8753;Crinière fleurie;9.0
2574;Crinière de Scélérat Strubien;1.0
13940;Crinière de Krakal;92.0
2316;Couteau de Roukouto;0.5
13700;Couche usagée de Warko Violet;1.0
11948;Cornée de Kami Givrefoux;57.0
7906;Corne du Boufcoul;0.333333333
15721;Corne de XLII;23.0
14951;Corne de Scaratos;12.0
14515;Corne de Rhinoféroce;8.0
15173;Corne de Père Phorreur;3.0
15717;Corne de Méjaire;12.0
8328;Corne de Mominotor;12.0
13504;Corne de Gamino;1.0
8327;Corne de Déminoboule;8.0
11122;Corne de Boufmouth de guerre;1.0
15168;Corne de Berserkoffre;1.0
14928;Corne d'Ombre;38.0
1680;Corne Brûlée du Minotoror;47.0
11310;Corde du Fancrôme;27.0
15165;Corde de Boursoin;1.0
8729;Corail usé;1.0
8734;Corail Passaoh;1.0
8735;Corail Morito;1.0
8733;Corail Malibout;1.0
8731;Corail Magistral;6.0
8732;Corail Kouraçao;1.0
8793;Coquille du Kaskargo;17.0
15687;Coquille de Virustine;7.0
19412;Coquille de Submergé;47.0
12450;Coquille de Krokille;18.0
11317;Coquille de Harpirate;31.0
11314;Coquille de Fantimonier;3.0
11883;Condyle de Fuji Givrefoux;254.0
17617;Collier de Chakichan;4.0
2320;Collier Cassé de Macien;3.0
8086;Coiffe déchiquetée de Drakoalak;8.0
8769;Coco du Bitouf des Plaines;9.0
8792;Coco du Bitouf aérien;16.0
8730;Coccyx du Corailleur;0.142857143
8787;Cloaque du Poolay;1.0
11118;Clavicule de Boufmouth;11.0
15448;Chouchou de Doublure;5.0
19968;Chope de Bière;43.0
8740;Chicot du Flib;0.25
18542;Cheveux de Tal Kasha;34.0
14278;Chaînes Brisées;0.166666667
14518;Chaussette trouée de Dramak;3.0
8789;Chaussette du Kimbo;120.0
14863;Chaussette du Cyclophandre;51.0
447;Charbon;0.1
19406;Chair de Zombruth;10.0
13932;Cervelle de Verglasseur;92.0
19404;Cervelle de Solar;33.0
13917;Cervelle de Peunch;92.0
2448;Cervelle de Bouftou des Cavernes;8.0
12439;Cendres Vénérables;8.0
12437;Cendres Novices;0.5
12438;Cendres Matures;2.0
12436;Cendres Juvéniles;0.125
19234;Cendres de Chause;9.0
17624;Ceinture de la Dame;5.0
8779;Carpelle de Brouture;2.0
11695;Carniflore;0.5
2609;Carapace Verte;0.166666667
2610;Carapace Rouge;0.166666667
2611;Carapace Jaune;0.166666667
18371;Carapace du Mantiscore;2.0
18567;Carapace de Ver des Sables;14.0
13944;Carapace de Termystique;92.0
8308;Carapace de Scaratos;1.0
14819;Carapace de Krabouilleur;5.0
2613;Carapace Bleue;0.166666667
2330;Capsule Explosive;0.028571429
439;Canine de Mergranlou;0.5
13939;Canine de Krakal;9.0
13949;Canine de Kanimate;9.0
17075;Canif Rouillé;0.5
13503;Calumet Zoth;0.5
8781;Calice de Fécorce;2.0
13739;Caleçon Rouge;55.0
998;Caleçon Mignon du Pirate;0.5
13747;Caleçon de Cybwork;58.0
13741;Caleçon Brun;55.0
13743;Caleçon Bleu;55.0
13745;Caleçon Blanc;55.0
11946;Calcanéus de Meliglours;76.0
11696;Cagoule du Kanniboul Ebil;8.0
12468;Bézoard Ardent de Grozilla;96.0
8765;Bâton du Kilibriss;10.0
2623;Bwak Squelettique;22.0
8751;Bulbe Passaoh;0.142857143
8752;Bulbe Morito;0.142857143
8750;Bulbe Malibout;0.142857143
8749;Bulbe Kouraçao;0.142857143
19233;Brûlâme encapsulé;43.0
15164;Broderie de Malléfisk;4.0
15445;Broderie de la Reine des Voleurs;51.0
14861;Broderie d'Eskoglyphe;34.0
8804;Braguette du Maître Zoth;8.0
13948;Braguette de Nileza;338.0
8782;Bractée de Chiendent;2.0
11311;Bouée de Fantomalamère;27.0
18735;Bouteille de Bouchonnois;35.0
19410;Bout d'Armure de Macrab;10.0
13505;Bourse Suspecte;0.076923077
1611;Bourgeon de Pirolienne;0.5
6736;Bourgeon de Fourbasse;0.5
13528;Bourgeon d'Abraknyde Sombre Irascible;1.0
8495;Bourgeon d'Abraknyde Ancestral;22.0
14142;Boulon neuf;200.0
13746;Boulon de Cybwork;5.0
13733;Boulier Zoth;0.5
2622;Boulet de Canondorf;0.5
14282;Boules de Kanniboul;1.0
8737;Boule polie;8.0
15181;Boule en or de Piloztère;10.0
18367;Boule de Boulépique;1.0
2274;Bougie du Mineur Sombre;0.25
12431;Boue Vénérable;8.0
12429;Boue Novice;0.5
12430;Boue Mature;2.0
12428;Boue Juvénile;0.125
8077;Boomerang du Warko Marron;2.0
8076;Boomerang du Maître Koalak;13.0
8064;Boomerang du Koalak Sanguin;11.0
8075;Boomerang du Dok Alako;1.0
13705;Boomerang Abîmé de Diamantine;1.0
1614;Bombe de Graboule;0.5
2250;Bois de Tronknyde;0.058823529
17567;Biscuit de chance;3.0
366;Bec du Tofu;0.066666667
11222;Bec du Timansot;13.0
8741;Bec du Kido;9.0
13987;Bec de Strigide;92.0
13973;Bec de Mansordide;9.0
11256;Bec de Gélikan;3.0
13985;Bec de Granduk;92.0
13942;Bec de Dodox;92.0
8832;Bave du Kaskargo;1.0
13490;Bave de Ouassingue;0.333333333
13937;Bave de Nessil;9.0
17970;Bave de Mol Usk;3.0
9279;Bave de Champ à Gnons;28.0
18731;Bave de Brokouillon;8.0
8754;Barbe inexistante du Barbroussa;3.0
14862;Barbe du Cyclophandre;5.0
2621;Barbe du Chouque;2.0
15725;Barbe de Seith;6.0
14864;Barbe de Merkator;34.0
2286;Bandelettes;0.5
8326;Bandelette du Mominotor;1.0
8001;Bandelette du Guerrier Koalak;5.0
13995;Bandelette du Comte Harebourg;338.0
15461;Bandelette de Tromblion;2.0
13740;Bandeau troué de Terre;5.0
13738;Bandeau troué de Feu;5.0
13742;Bandeau troué d'Eau;5.0
13744;Bandeau troué d'Air;5.0
13496;Bandeau de Nakunbra;0.5
2321;Babines de Macien;0.333333333
1671;Avoine Magique;6.0
17967;Attrape-peur;720.0
13975;Astragale de Mécanofoux;9.0
11228;Arête géante du Shamansot;20.0
7225;Artefact Pandawushu Feu;0.0
7222;Artefact Pandawushu Eau;0.0
11330;Artefact de Fumrirolle;46.0
19970;Armure de Tanklume;9.0
16158;Arakne Irascible Écrasée;19.0
19409;Aquarakne de Crânonier;10.0
15167;Antenne de Trésantène;1.0
11942;Antenne de Gloursaya;4.0
15686;Antenne de Bacterrib;7.0
8916;Ambre du Tynril;76.0
6490;Ambre du Chêne Mou;76.0
16156;Ambre d'Abraknyde Sombre Irascible;18.0
464;Ambre d'Abraknyde;0.25
463;Ambre;0.033333333
13981;Alliage Ivre;375.0
8767;Aile du Bitouf des Plaines;0.5
15715;Aile de Vortex;51.0
13990;Aile de Sinistrofu;9.0
15453;Aile de Puceronde;6.0
13992;Aile de Nocturlabe;9.0
11224;Aile de Mansobèse;16.0
17989;Aile de Larve de Koutoulou;34.0
19070;Aile de Kérigoule;10.0
11941;Aile de Gloursaya;38.0
13488;Aile de Dragodinde Dorée;0.5
2588;Aile de Dragodinde;0.5
17965;Accélérateur de propulsion;720.0
